index0,index1,index2,index3,index4,Label
0.3665636886253032,0.6257475992979553,0.3898663850881368,0.6166851810708731,0.5688424690498083,0
0.39713522703174653,0.6617255243908347,0.41042626805207416,0.6403510331037547,0.6075021025750444,0
0.4239072190606196,0.7003789699618794,0.42679176042689,0.6552810486558542,0.6205538551036361,0
0.4483168549336064,0.7248387421327401,0.46730940346217514,0.6845856476338591,0.6550647899290721,0
0.47756122746512747,0.7402323007612936,0.506940867721442,0.7008975783159298,0.6766416590202143,0
0.503544000343506,0.7557860925104058,0.5108697825791549,0.7086291935125527,0.6839047521544817,0
0.49792148217396115,0.7538670214153429,0.5030719447105063,0.7043901355254388,0.6809817183611492,0
0.5296412901920337,0.7674980157177512,0.5344456336091646,0.7223772495001111,0.7043076237122625,0
0.5360073824584554,0.7760090028655644,0.5534252588978852,0.7374139080204399,0.7211626689834062,0
0.5514738674374421,0.7811029255586732,0.5384750072549195,0.7374139080204399,0.710717248387069,0
0.4929179576547558,0.7591658934487012,0.5007201383497014,0.7050922017329483,0.6795292910949369,0
0.5189942220258297,0.7581970420220675,0.5102615187888638,0.711481892912686,0.6846395770164388,0
0.5609329961275047,0.775505945394043,0.5341126080030383,0.7290690957564986,0.7043076237122625,0
0.5836233499563019,0.7857422333515924,0.5548582924871786,0.7351210842035103,0.7211626689834062,0
0.6033638472688202,0.8119682962002392,0.5527114976342585,0.7420439902243946,0.724849231734866,0
0.6209292409682462,0.8097622960288271,0.5602984980151516,0.7483048211508554,0.7285731098113472,0
0.5839707195966289,0.7978454234812322,0.5688502491708607,0.7498866918462563,0.7335972834443385,0
0.639965070302424,0.8108615697628923,0.607980836620157,0.7652388358142636,0.746028070692448,0
0.646288392794196,0.8237323883305572,0.6123226087541174,0.7677182848255943,0.7521793585017227,0
0.5953095619120511,0.7983782917658808,0.5411951100189061,0.7283181515218841,0.7050864615216806,0
0.604851714282316,0.7935936562589665,0.5425654749598597,0.7343568095978671,0.7082180784138499,0
0.622900334553309,0.8075712012639785,0.5599325634957013,0.7435992001777383,0.7219778653146399,0
0.5798291947267967,0.7904374364191251,0.5544992861600069,0.7328371473005999,0.7050864615216806,0
0.5654591794117806,0.7852242704735075,0.5354473872291057,0.7216396356365252,0.707432542981992,0
0.59603287427745,0.7973125551965837,0.5505813934263737,0.7343568095978671,0.7115104382445723,0
0.6205365407579386,0.8037591435353388,0.5949032438583544,0.7546678515885359,0.73911899474428,0
0.6089814684788727,0.8048472382144813,0.5753405482058108,0.7451632970451011,0.7344411838717424,0
0.6571095501166684,0.8340804668373336,0.599060001766689,0.7693801377471673,0.7539551852514527,0
0.6055984332155641,0.8092145223376149,0.5559378308113402,0.7351210842035103,0.7131006451724016,0
0.5949485346966259,0.7883432267969399,0.5647279747650044,0.735880915352144,0.7167068364545849,0
0.6450137456866744,0.8192123237901467,0.5957300606232571,0.7578893579204621,0.7378368784486775,0
0.5956709934635811,0.8016015859352583,0.5460218556123789,0.7298200399911131,0.6989035992066188,0
0.6018832583052124,0.8021381805715478,0.5527114976342585,0.7298200399911131,0.7050864615216806,0
0.5832763846520799,0.7951848084096304,0.5398316732702312,0.7216396356365252,0.6943358207027337,0
0.6015142342201574,0.7941227981919742,0.5625044974202719,0.7298200399911131,0.7103211318599202,0
0.6022527316526063,0.7935936562589665,0.5617672747782467,0.735880915352144,0.7027547321094545,0
0.636642910086017,0.8175280128484604,0.5891797697415296,0.7546678515885359,0.7281569004168792,0
0.6178012968608838,0.8059316065419829,0.5819804332104157,0.7397200622083981,0.717512464753762,0
0.6305059865385954,0.8103137960716801,0.582771664260432,0.7459453454787824,0.7244378063564264,0
0.6139353944358792,0.8021381805715478,0.5726502051768397,0.7435992001777383,0.7191304189745558,0
0.6441667513994157,0.8254390573820889,0.5847591106909408,0.7538680293268163,0.7327552966233458,0
0.6321309234916458,0.8141817490749332,0.5839625260377999,0.7483048211508554,0.7264997172646527,0
0.6429004605713949,0.8147369754694271,0.5899906831559742,0.7530682070650967,0.7244378063564264,0
0.6770615601382736,0.8254390573820889,0.6307912798622801,0.7693801377471673,0.7588817649574653,0
0.7037723177103741,0.8429007411713414,0.6435733222398279,0.7820706509664519,0.7652454630783995,0
0.6637779510108397,0.8311813652607142,0.6037000010864665,0.7587025105532104,0.7352879547087634,0
0.6571095501166684,0.815851154610056,0.6257278735189218,0.7677182848255943,0.7490907977538088,0
0.666483363888601,0.835831852108556,0.6239068611620184,0.7760986447456121,0.7584311106475932,0
0.7387450096922172,0.8679567296047459,0.6808720326670564,0.8378093756942901,0.8155159035044831,0
0.7332244291473363,0.872379909002493,0.6879720126225365,0.838795823150411,0.8196952199068648,0
0.6928390694343818,0.8555554313438342,0.650406881710407,0.8023328149300155,0.7859497276459675,0
0.7283259421629324,0.8698459898866816,0.6665840532223731,0.8068740279937792,0.7947427491061066,0
0.6602047429995352,0.8346617776933138,0.6676218649339468,0.792517218395912,0.784984313211443,0
0.7187226901145966,0.8567814010336899,0.6568833243607994,0.7987380582092868,0.7845030411989893,0
0.6646773292867975,0.8317589497650535,0.5998983130324178,0.7603243723616974,0.7361356823489902,0
0.6860566906848677,0.8352468149009349,0.6918565240660993,0.8068740279937792,0.794249038651979,0
0.7694496196034004,0.8800636460860266,0.7137329210219147,0.8427504998889136,0.8202214616699852,0
0.7736968559015421,0.880708304919902,0.7191180159294887,0.8437458342590536,0.8297933209395425,0
0.884604182863744,0.9312376331704918,0.8040368686901292,0.8976805154410131,0.8897408689878075,0
0.7761448863854294,0.8925022078633472,0.7049344317457328,0.8363385914241279,0.8139601414920581,0
0.8021605901932388,0.8978420697647554,0.7402157785485217,0.8646478560319929,0.8496173265578909,0
0.751187869278901,0.8730133887814457,0.6830410292270515,0.8261808487002889,0.7982149879394956,0
0.7272462299841975,0.8673269761774339,0.6718055483168193,0.7960586536325261,0.7893463790261083,0
0.7337727538317894,0.8629559657026595,0.6924150308391159,0.8314730059986669,0.802723444644629,0
0.719249540059257,0.8531183973706863,0.6548768254015241,0.7916374139080204,0.7778197708073601,0
0.7057973677023216,0.8561665530129416,0.6523859828183981,0.797840479893357,0.784984313211443,0
0.6967752814154019,0.8537257926881529,0.6614430196337097,0.7969473450344368,0.7854665420271024,0
0.7187226901145966,0.8648228678747498,0.6723322483889197,0.8014307931570762,0.7908102879307887,0
0.6908876086135226,0.8519036067357533,0.654377208262877,0.7951699622306154,0.7768744492401547,0
0.6678443592176316,0.8340804668373336,0.6335877502002484,0.7820706509664519,0.7611426909324717,0
0.7283259421629324,0.8704794696656345,0.6728597357555973,0.8041413019329038,0.7967233317418506,0
0.8107775317030674,0.905972969045197,0.7749868010064144,0.8773605865363253,0.8593087862281574,0
0.8202667609698266,0.9018888876467717,0.7251975046540919,0.8502643856920684,0.828183021144394,0
0.7552353186149975,0.8768440782682899,0.688524221038936,0.8242746056431904,0.7982149879394956,0
0.7381892272529409,0.8704794696656345,0.681954877628442,0.8305043323705843,0.7997123849563745,0
0.7460473197463748,0.8698459898866816,0.6681419517315993,0.8005287713841368,0.7830611387680393,0
0.7234924634389467,0.8604742155098208,0.6604242604509025,0.7898778049322372,0.7845030411989893,0
0.7083451344254129,0.8512962114182867,0.673388010416852,0.7996311930682071,0.7874021549121798,0
0.7449145047591988,0.8673269761774339,0.6792544572288837,0.8023328149300155,0.7927717345024192,0
0.7245609889854465,0.8635745400750487,0.6686629832827444,0.7969473450344368,0.7825817803619969,0
0.7256327042945515,0.8660749220260919,0.6857716817383717,0.8041413019329038,0.7937562850010572,0
0.7552353186149975,0.8774887371021654,0.681954877628442,0.8023328149300155,0.7898333918577961,0
0.7911648944521593,0.8985165394117581,0.7155189774995934,0.8477449455676517,0.8191708917501557,0
0.7575677988253564,0.8846060687362823,0.7149226805868746,0.8417551655187736,0.8186465635934467,0
0.7234924634389467,0.8685864830320578,0.6578912188784422,0.7951699622306154,0.7816249771563235,0
0.7517634192610827,0.8736505949120394,0.6814130615004607,0.8237991557431682,0.7932635313501354,0
0.7823333852493405,0.8965043095256727,0.7203257258108071,0.8507709397911575,0.8271123583572454,0
0.7288669438712637,0.8692162364593697,0.6808720326670564,0.8068740279937792,0.794249038651979,0
0.7995459732341405,0.9025670836454153,0.7320046110268793,0.858427016218618,0.8346634492564204,0
0.7749189393154291,0.8891969339578699,0.7009022238395003,0.8402710508775828,0.8165569053922558,0
0.7706583149995925,0.889856498198309,0.7276581151254562,0.8512774938902467,0.829255597537954,0
0.7599147452830234,0.8852581802734397,0.7383046996919946,0.845740946456343,0.8255116265941538,0
0.7569833085226335,0.8820050752909349,0.6940960622202054,0.8324416796267496,0.8022201661584447,0
0.8081065772466888,0.9087118375012576,0.7345116718782944,0.8512774938902467,0.8244486182326505,0
0.7145353854124451,0.8635745400750487,0.6671025654308713,0.8005287713841368,0.7917900544133983,0
0.7218955155296007,0.8598556411374316,0.6824974810510005,0.8041413019329038,0.7972199126055952,0
0.7129777030315065,0.844685663607332,0.648930389460456,0.7916374139080204,0.7698553409233342,0
0.7234924634389467,0.8749250071732269,0.7009022238395003,0.8378093756942901,0.8077925880282869,0
0.7860940704346082,0.8878815318286325,0.7049344317457328,0.8368273716951788,0.8057574676098195,0
0.7755313737356228,0.8787743284182755,0.7037777385530124,0.8368273716951788,0.8108648831217045,0
0.7563998065970557,0.8736505949120394,0.6852238821716041,0.8309886691846257,0.7972199126055952,0
0.7494665206279533,0.8918389172712672,0.7227534273688474,0.8538191512997112,0.8335765208147753,0
0.805453054169054,0.9107799626619566,0.7370360532104062,0.8662163963563653,0.844574016860786,0
0.7534953705032251,0.8820050752909349,0.7009022238395003,0.8447411686291935,0.8134425109577887,0
0.8074414892803928,0.9191381693924929,0.7307575364167043,0.8672694956676295,0.8434612547325878,0
0.76465248620262,0.8938325153991482,0.7179143999799712,0.8487536103088202,0.8265784621684796,0
0.8202667609698266,0.9205467303127527,0.776389287566115,0.8887847145078871,0.8715864849633592,0
0.7736968559015421,0.8965043095256727,0.7518937190111014,0.8709575649855588,0.85643550620152,0
0.9211437671044702,0.9548738816287138,0.863941325769427,0.9399733392579427,0.935162230767538,0
0.8538140783294953,0.9348559206138046,0.747308830311723,0.8800533214841146,0.8651117976705669,0
0.7937248811108649,0.8958335662303109,0.7320046110268793,0.8594578982448344,0.8390398671191708,0
0.7599147452830234,0.8911793530308281,0.7049344317457328,0.8392846034214619,0.8149973161670081,0
0.8216405153492781,0.9066548913954814,0.7538758118384856,0.8725527660519884,0.861041556833632,0
0.7676436748540647,0.9128555405259373,0.735141192622168,0.8795156631859586,0.8479295257030829,0
0.8008511701806975,0.9255065043467892,0.7466583675320976,0.8838524772272828,0.8575827132451225,0
0.7842092352185868,0.91216243912073,0.7288947974472131,0.8589424572317262,0.8417983307611274,0
0.7694496196034004,0.9032452796440589,0.7215375296239267,0.8512774938902467,0.8233875234775586,0
0.8195815460507544,0.923375031208195,0.7447139073855003,0.8784359031326372,0.8558633378845273,0
0.7950111191867264,0.9212510107728826,0.7973125857068559,0.892099533437014,0.8763551921404358,0
0.7773746971115431,0.9100905876083902,0.7383046996919946,0.8558586980670962,0.8330340133971584,0
0.8008511701806975,0.9107799626619566,0.7486130625081977,0.8778982448344812,0.8440171573950841,0
1.0,1.0,1.0,1.0,1.0,0
0.9083527292052497,0.9749551906215181,0.8063036472366039,0.9183559209064652,0.8928399545709838,0
0.7911648944521593,0.9184376152840039,0.7799182567786457,0.8876827371695178,0.8633627614105959,0
0.8244018613882146,0.9198424498526228,0.8170525800981694,0.9010664296822928,0.8817831367262213,0
0.7995459732341405,0.9184376152840039,0.7625873837933522,0.8736147522772717,0.8484921259880189,0
0.8428132609977539,0.9283646160553587,0.7980540597395976,0.8915441013108198,0.8715864849633592,0
0.7761448863854294,0.8925022078633472,0.74277952460949,0.8589424572317262,0.8287188309395712,0
0.8008511701806975,0.8998617523541227,0.7806277666515559,0.8827638302599422,0.8627810250615464,0
0.7860940704346082,0.9032452796440589,0.7239734190455691,0.8522906020884248,0.8271123583572454,0
0.8271818967404434,0.9198424498526228,0.7950960365544021,0.8954410131081981,0.8805708670646331,0
0.7558171133436878,0.8991872827071199,0.7307575364167043,0.8625638746945123,0.8297933209395425,0
0.7569833085226335,0.889856498198309,0.7072594700909152,0.8442435014441235,0.8093253867637759,0
0.8154945167026134,0.9087118375012576,0.7841953132983659,0.8811375249944456,0.8616204227730645,0
0.7730872069078487,0.8885373697174308,0.7295145557383304,0.8437458342590536,0.8202214616699852,0
0.8141412486858094,0.8998617523541227,0.7565349780022023,0.8589424572317262,0.8412443417050425,0
0.8101081308183193,0.9046091243446279,0.7659916455448653,0.8677938235947568,0.8384897052759086,0
0.7718708740518978,0.8833055720136086,0.7370360532104062,0.8507709397911575,0.8287188309395712,0
0.7792268260293029,0.8971713264693936,0.7395775975642995,0.8589424572317262,0.8297933209395425,0
0.7529171698732448,0.8911793530308281,0.7370360532104062,0.8477449455676517,0.8186465635934467,0
0.7616844794878553,0.8717427028718993,0.6857716817383717,0.8005287713841368,0.784984313211443,0
0.7506132178213969,0.866700949101763,0.6952212636298405,0.8032392801599645,0.7854665420271024,0
0.7119430069391152,0.8506925424524611,0.6787168924916188,0.7890024439013552,0.774051879783418,0
0.7354227146971086,0.8567814010336899,0.6691846446695512,0.7820706509664519,0.7703193904780858,0
0.6928390694343818,0.8393495280575647,0.6583961896202138,0.7718862475005555,0.7530663150733821,0
0.7083451344254129,0.8429007411713414,0.6681419517315993,0.784656742946012,0.7657037718139171,0
0.695293973632052,0.8334991559813534,0.6573868779723323,0.7718862475005555,0.7530663150733821,0
0.699756900779031,0.8429007411713414,0.650406881710407,0.7752499444567874,0.7539551852514527,0
0.7037723177103741,0.8346617776933138,0.6609333251244752,0.7820706509664519,0.7584311106475932,0
0.7155776291121276,0.8429007411713414,0.6907421873216286,0.7951699622306154,0.7754602941021693,0
0.7326768682088592,0.8525110020532197,0.6907421873216286,0.7987380582092868,0.7806700875570614,0
0.7767592975599136,0.8698459898866816,0.7072594700909152,0.8068740279937792,0.7883723533627327,0
0.7540745145841169,0.8580073707235457,0.6874205915007141,0.8014307931570762,0.7859497276459675,0
0.7321301608688258,0.8592407931166832,0.6749778730859097,0.7951699622306154,0.7764027452597577,0
0.7546544224109846,0.8711092230929464,0.7119556822434998,0.8305043323705843,0.7982149879394956,0
0.691861968773819,0.8370019265237983,0.648930389460456,0.7794978893579204,0.7620506971746558,0
0.7224270378025842,0.8500888734866354,0.6518901446937212,0.7812086203065985,0.7625051786973507,0
0.6928390694343818,0.8387607644983026,0.647949735335182,0.7777960453232615,0.755738666426828,0
0.7365268218208381,0.8598556411374316,0.6868701151323844,0.7987380582092868,0.7825817803619969,0
0.7529171698732448,0.872379909002493,0.6963500865945306,0.8252255054432348,0.7987134824096515,0
0.7404174336744743,0.8648228678747498,0.7043556127726264,0.8285803154854476,0.7992119768798074,0
0.7835829635183593,0.8885373697174308,0.7408550617451518,0.8467407242834926,0.8218011437625521,0
0.7682446980108539,0.8794189872521511,0.735141192622168,0.8452388358142635,0.8165569053922558,0
0.7950111191867264,0.8925022078633472,0.723362950830462,0.8392846034214619,0.8155159035044831,0
0.7835829635183593,0.8762031457860553,0.7345116718782944,0.8502643856920684,0.8165569053922558,0
0.7995459732341405,0.8971713264693936,0.7538758118384856,0.8646478560319929,0.8373932088022068,0
0.7886213507950522,0.8878815318286325,0.7402157785485217,0.8467407242834926,0.8303320011443366,0
0.7950111191867264,0.894499532342869,0.7364032258293085,0.8477449455676517,0.8228584113048213,0
0.7529171698732448,0.8736505949120394,0.7125470979298404,0.8368273716951788,0.8083035209401166,0
0.8313871719361451,0.905972969045197,0.7950960365544021,0.8849411241946235,0.861041556833632,0
0.8894152433970257,0.9370395626753715,0.805546584771235,0.8926549655632082,0.877555980163556,0
0.8651059278042834,0.9348559206138046,0.8108754668460019,0.8982448344812264,0.8817831367262213,0
0.8767003105379907,0.93558255918378,0.7820508803291774,0.8816796267496112,0.8598857385611784,0
0.8830119971351889,0.9348559206138046,0.8257011684868655,0.9061852921572984,0.8842162872782489,0
0.910882435582323,0.9563905067465597,0.8410784487084668,0.9212974894467896,0.9144924111153742,0
0.8806345008384864,0.9563905067465597,0.829693066910749,0.9154276827371696,0.9009976587025558,0
0.8902222084099012,0.9473652830723024,0.864811916112818,0.9248566985114419,0.9217220161374429,0
0.895094728031125,0.9526082598310472,0.8108754668460019,0.8971206398578093,0.8817831367262213,0
0.8735782068410322,0.9341292820438294,0.79215958524062,0.8854876694067985,0.8651117976705669,0
0.8392090089588414,0.9219590175846534,0.7856314960659677,0.8805954232392802,0.8627810250615464,0
0.802816962470163,0.9100905876083902,0.7598855462635551,0.8688469229060208,0.8406922662553689,0
0.8216405153492781,0.9052910466949124,0.7673618530269036,0.8746811819595646,0.8462484224707146,0
0.8894152433970257,0.9370395626753715,0.8257011684868655,0.8993690291046434,0.8805708670646331,0
0.842089948632355,0.9262182375102009,0.7694264543259711,0.8736147522772717,0.8501818404492383,0
0.7898910560168475,0.901214417999769,0.7479603953037564,0.8630837591646301,0.8362986259349163,0
0.8886097160236343,0.9392343837918609,0.8596141973146012,0.9171828482559431,0.9105963084618719,0
0.9360828180977561,0.968691193513167,0.8435588990031748,0.9160097756054211,0.9035379712136188,0
0.8493794996360919,0.9226670243964242,0.7950960365544021,0.8887847145078871,0.8651117976705669,0
0.8567963715866325,0.9226670243964242,0.7694264543259711,0.8714907798267052,0.8468081523460336,0
0.8689365182094618,0.9341292820438294,0.7973125857068559,0.8849411241946235,0.8612577943581142,0
0.04896129480281309,0.18493883193781466,0.06404169008211955,0.16992223950233282,0.12810064038838556,1
0.03827997038327884,0.16093367466714364,0.0532661466638471,0.15121084203510332,0.11277935065593644,1
0.03351965403115965,0.1522102854757992,0.04964978775325495,0.14381248611419684,0.10645966548246323,1
0.03170692542050871,0.1440495753822305,0.047510236010444566,0.13969340146634082,0.10232436202754254,1
0.03096604689766441,0.14012572710436394,0.04669585849986057,0.13659631193068206,0.10187466452087601,1
0.030319120361412683,0.13995058857724169,0.04594918832290982,0.13536103088202622,0.10047486143097574,1
0.030319120361412683,0.13891466282107176,0.04570544192183015,0.1345523217062875,0.10004047277559999,1
0.030409882585400082,0.13874325064559043,0.04578637580435919,0.13563652521661854,0.1001122330160255,1
0.030593046840911343,0.13926121352367538,0.04570544192183015,0.13522772717173961,0.1001122330160255,1
0.030778423713440983,0.13943262569915674,0.045624822957131966,0.13536103088202622,0.10047486143097574,1
0.02372710529638853,0.13216251364776288,0.04311083391343822,0.13048211508553656,0.09627832257089194,1
0.0307473684542744,0.13926121352367538,0.04574590886309467,0.1361830704287936,0.10083940345233733,1
0.0307473684542744,0.13908607499655312,0.045504366886830974,0.1359075760942013,0.1006202955182381,1
0.028292003762706866,0.13704776064898141,0.045344703546588865,0.13522772717173961,0.09946543404899023,1
0.031251811439789313,0.1403008656314862,0.046072006276942204,0.1361830704287936,0.10165077257074842,1
0.031445252571299646,0.1403008656314862,0.0463195316919921,0.13645856476338591,0.10120681588331594,1
0.03141284952511679,0.14170942655174598,0.046444239153009596,0.13549877804932237,0.10180003387083349,1
0.03170692542050871,0.14117655826709744,0.0463195316919921,0.13771161964007997,0.10150246807386903,1
0.03190604972060431,0.14224229483639453,0.046569733908604236,0.1361830704287936,0.10180003387083349,1
0.03207389413036396,0.14260002459392082,0.04716398385542248,0.13743168184847812,0.10224877457429433,1
0.03214153057546384,0.14332293681225522,0.047078168746515235,0.13827149522328372,0.10239899267758507,1
0.03234614710765075,0.14423216661263458,0.04712099757151115,0.13799155743168184,0.10300560590998203,1
0.027725416564183376,0.13995058857724169,0.04570544192183015,0.13563652521661854,0.10135416357698965,1
0.032518652614175,0.14478366665548761,0.04755385213001761,0.13827149522328372,0.10308119336323024,1
0.03333642238629757,0.14496625788589165,0.047510236010444566,0.13784936680737614,0.10331082613259188,1
0.03297588935944502,0.14570780186243054,0.047685172865483,0.13940902021772938,0.10384950633738603,1
0.03241492917171446,0.1458941194444755,0.047685172865483,0.13855587647189513,0.104315469498549,1
0.030109415933239347,0.14423216661263458,0.04699266855543884,0.13869806709620083,0.10369450421806693,1
0.03330000967374131,0.14608043702652043,0.04799457963429537,0.13969340146634082,0.10454892948073333,1
0.034531819617262406,0.14720952157371284,0.04821785637636963,0.14027105087758276,0.10541674998827916,1
0.034787842992561595,0.14777965337477036,0.048534033878545324,0.14055987558320374,0.10525792065613737,1
0.03470867173691413,0.14796969730845622,0.04844333754325987,0.14012886025327706,0.10541674998827916,1
0.03476801929186394,0.15131223473034255,0.04871652876152422,0.14172850477671628,0.10589610839432156,1
0.0351082007347708,0.15150973136731022,0.04885430531252209,0.14187513885803155,0.10621759427142785,1
0.03106072893555746,0.14682943370634113,0.04799457963429537,0.14085314374583427,0.10581573692504499,1
0.03557915121293138,0.15241150846440776,0.0492254359761815,0.14261719617862698,0.10605685133287471,1
0.035724992999650394,0.15413308292250308,0.049366204246572475,0.14231948455898688,0.10686630684487446,1
0.03574591739307801,0.1547516572948923,0.04955484002725299,0.14321261941790714,0.10743943196507286,1
0.03549634093233998,0.15251211995871203,0.04927235873297849,0.14291490779826704,0.10752171704076077,1
0.03606287197307113,0.15352196125339565,0.04993652043824595,0.14411464119084647,0.10818478166229248,1
0.03621270096304661,0.15485226878919656,0.04998470286636635,0.14411464119084647,0.10885645751267525,1
0.03640717539793608,0.15495660663514174,0.050129565068558396,0.14487447233948011,0.10860386146637746,1
0.03638546479541565,0.15630927228078806,0.050275372024243,0.14533659186847367,0.10843546410217893,1
0.036846902143553045,0.1557875830510622,0.05056934781934361,0.14487447233948011,0.10987736653312884,1
0.0367802653071569,0.15620493443484287,0.05056934781934361,0.14610530993112641,0.10953483098549774,1
0.030840713936709653,0.14796969730845622,0.04913222029824923,0.14336369695623194,0.10719257673800911,1
0.029075079250718925,0.14570780186243054,0.048307765417077965,0.14187513885803155,0.10678402176918654,1
0.036958487676941834,0.15704708990568603,0.05076711621711884,0.14579871139746722,0.110134746595455,1
0.03718370288736075,0.15800476227739707,0.05091654472785825,0.14564319040213286,0.10996347882163944,1
0.03748060913548684,0.1589698873523899,0.05101668859806927,0.14735392135081093,0.11056817844762507,1
0.03138051386828475,0.1533170119131462,0.04964978775325495,0.14381248611419684,0.10860386146637746,1
0.037665693987496286,0.15832522851851438,0.05137002640428553,0.1467273939124639,0.11109154980112845,1
0.03813644229760443,0.1592940799451481,0.05198710789384057,0.14751388580315486,0.11135467068268866,1
0.03797035001096593,0.16049396517351758,0.051935146451749944,0.14830482115085536,0.11117861889284474,1
0.03866803195993874,0.16027411042670453,0.0520915031547681,0.14751388580315486,0.11170773106558216,1
0.038448791938625285,0.16115352941395666,0.052353987166783474,0.14926016440790935,0.11277935065593644,1
0.0387909052095888,0.1607138199203306,0.05272574766610459,0.14926016440790935,0.11286929015726974,1
0.03898915344812383,0.16148517470999668,0.05299468749365244,0.14958453676960676,0.11295922965860304,1
0.03876627440186644,0.1631657593000421,0.0530486959016436,0.14990890913130414,0.11332185807355329,1
0.03921459328971213,0.16293845184994726,0.053157185094372214,0.150228838035992,0.11387010631040419,1
0.033011594483817734,0.15907795154997598,0.05147190232256624,0.14814485669851143,0.11117861889284474,1
0.02918649631073068,0.15251211995871203,0.04955484002725299,0.14427016218618086,0.10868806014847672,1
0.03193947483860784,0.1565179479726784,0.050816873234393496,0.14704287936014218,0.1112666447877667,1
0.034827569014866194,0.16027411042670453,0.05198710789384057,0.14990890913130414,0.11250953215193653,1
0.0393663428761858,0.16305024239917423,0.053430376312636564,0.15104643412574983,0.11479342140387908,1
0.04075948292555457,0.16441408709974326,0.05365097625314859,0.15137524994445678,0.11479342140387908,1
0.04011663344502706,0.1646413945498381,0.05381756778566944,0.1518684736725172,0.11526129817145339,1
0.03874166605726102,0.16338934039849604,0.0538733082417303,0.15237058431459677,0.11526129817145339,1
0.03993293007470929,0.1656810466576489,0.05426679807138022,0.15253499222395023,0.11601621590072976,1
0.040408743817686915,0.166377874414497,0.0543233258220182,0.15286825149966674,0.11620661973865877,1
0.04048915054476596,0.16591208045938463,0.05426679807138022,0.15286825149966674,0.11611093941809143,1
0.0408686312107556,0.1667281514687415,0.055187617808792284,0.15421906243057099,0.11745716152847399,1
0.041199591544159475,0.168147891443924,0.055246192525330806,0.15507220617640524,0.11814127582053051,1
0.032940262855981575,0.16215219165371758,0.05337558061006827,0.15203732503888026,0.1153550648856094,1
0.040923418752967025,0.16910183746399413,0.055779033495132864,0.15524550099977782,0.11863402947145234,1
0.04182044963320482,0.16898259421148537,0.05607946510576594,0.1562808264830038,0.11923107467179259,1
0.04193534847634194,0.1706743578564535,0.05644413995389288,0.15715174405687626,0.11933058220518263,1
0.042283841272515804,0.1720270235020998,0.05668993332087308,0.15732948233725838,0.12074760775278502,1
0.04225458306270425,0.1710432666689025,0.056813538569482604,0.1576805154410131,0.12044143072696951,1
0.04248981682327746,0.17140844912971057,0.05822059143773059,0.15803599200177737,0.12115807632801893,1
0.04260841084915086,0.1723996586661897,0.05861329397280338,0.15821373028215951,0.12157141531286987,1
0.04302876315640892,0.17364798646589083,0.058811692206240315,0.15874694512330592,0.121779041608501,1
0.04284759811830513,0.17339832090595061,0.058877982409634724,0.15946234170184403,0.12146808056665713,1
0.04333411553650364,0.17327162495016005,0.059111651440127116,0.1596445234392357,0.12219620780617463,1
0.04351940255656553,0.17402434798162164,0.0587784683750854,0.15982670517662742,0.12282674111871345,1
0.0438003375285488,0.1761930846366248,0.059516320852772295,0.16036880693179292,0.12335681009465654,1
0.043894783703714,0.17516833793537762,0.05968653394034795,0.16091535214396802,0.12378450112759258,1
0.04351940255656553,0.17516833793537762,0.05934705251868919,0.16055098866918463,0.12335681009465654,1
0.04402134090454187,0.17529503389116818,0.05972070252499542,0.1607331704065763,0.12367733916855715,1
0.04411675299373541,0.1741510439374122,0.05978919715320579,0.1607331704065763,0.12346397205369197,1
0.04367502703071098,0.1763235069440563,0.06002995183489236,0.1607331704065763,0.12357017720952172,1
0.04418058194051432,0.17593596637340278,0.06002995183489236,0.1612797156187514,0.12421410576693996,1
0.044405448972620706,0.17567884811018075,0.060202999182945686,0.1607331704065763,0.12410694380790453,1
0.04456747543509345,0.1761930846366248,0.06002995183489236,0.16164852255054432,0.12389166308662801,1
0.0443409685954506,0.17593596637340278,0.06058751385441632,0.16164852255054432,0.12421410576693996,1
0.04427666792321599,0.17671104751470978,0.06051712971922084,0.1612797156187514,0.12497380751224468,1
0.04447012028628479,0.1769718921295727,0.06094116657846343,0.16276383025994223,0.12486473194679791,1
0.04486210167685034,0.17723273674443563,0.0607638678396936,0.16239057987113975,0.12541202338044313,1
0.04506069809369791,0.17671104751470978,0.0607638678396936,0.16369695623194847,0.12508288307769147,1
0.04496118648566321,0.1769718921295727,0.06101233800823604,0.16276383025994223,0.12508288307769147,1
0.04502747514374682,0.17749358135929855,0.06083456689271993,0.16295045545434347,0.12530199101179068,1
0.04516065896407136,0.17788484828159293,0.06111956752964125,0.16276383025994223,0.12497380751224468,1
0.04147950444432207,0.17491494602379648,0.060237797603254865,0.16091535214396802,0.12432222452918107,1
0.04563302461859902,0.17749358135929855,0.0612271119688773,0.16313708064874471,0.12497380751224468,1
0.04516065896407136,0.17775442597416147,0.061407087509209375,0.16313708064874471,0.12530199101179068,1
0.04539561193568284,0.17827984155552823,0.061334971325944204,0.16276383025994223,0.12563208811774804,1
0.04594193740272839,0.17854441252203204,0.061443145600841964,0.16388802488335924,0.12640709871434352,1
0.035724992999650394,0.17018993214313663,0.058481815778422555,0.15874694512330592,0.121779041608501,1
0.04499430835158808,0.17867483482946353,0.06126301260159446,0.16332370584314596,0.1262961095424854,1
0.046011146266013915,0.17933812542154354,0.06180687569547635,0.16464341257498333,0.12663099066447112,1
0.04693024715864315,0.18067588566062626,0.061770345227097484,0.1644567873805821,0.12663099066447112,1
0.046185100643580654,0.17933812542154354,0.06221170256703695,0.16464341257498333,0.12707973136793196,1
0.04629010448370666,0.18203227765791347,0.06250961483502321,0.16540768718062654,0.12696682858966252,1
0.046714915719676876,0.18108205798948424,0.06326651984147666,0.16521661852921574,0.12753134248100984,1
0.047293588075112934,0.18203227765791347,0.06277241376486943,0.16540768718062654,0.12798678080691042,1
0.04678647197868241,0.1818944026472002,0.06277241376486943,0.16618084870028882,0.12821545677306637,1
0.046966334156003806,0.18326942640269192,0.06361292945541416,0.16637191735169962,0.12878953869647045,1
0.04553097467835035,0.18217015266862674,0.063151732292131,0.16598533659186848,0.12810064038838556,1
0.04667921059530416,0.1818944026472002,0.06292357432367852,0.16579426794045768,0.12798678080691042,1
0.047811789719752286,0.18326942640269192,0.0638070762981346,0.1677405021106421,0.12983628140347722,1
0.048494926800507834,0.18410040281861237,0.06392422573121165,0.16852699400133303,0.12995396819777505,1
0.0474404968598865,0.18465935556474722,0.06376818394602435,0.1681315263274828,0.13007165499207288,1
0.04427666792321599,0.1823043013276991,0.06369055670071926,0.16656742946012,0.12867472231178964,1
0.048188922990021914,0.18465935556474722,0.06435708028971811,0.16852699400133303,0.1310188901656896,1
0.048113020117888906,0.18521830831088207,0.06463546765219153,0.1693223728060431,0.13089928976498044,1
0.048418069245904964,0.18550151103559037,0.064715456781228,0.1693223728060431,0.13113849056639879,1
0.04888294345093385,0.1857847137602987,0.06536261292362944,0.16952232837147302,0.13197952058418577,1
0.04900056033122046,0.18663432193442367,0.06528104920543869,0.16972228393690292,0.13234310580234168,1
0.04896129480281309,0.18550151103559037,0.0654852734187464,0.170935347700511,0.13270764782370326,1
0.04947672225251062,0.18763671052582548,0.06602252323818039,0.17154410131081982,0.13344438629207184,1
0.04951681891624468,0.18821429503016482,0.06589781577716289,0.1723661408575872,0.1335678139056037,1
0.0496375020119933,0.1874951091634713,0.06589781577716289,0.17154410131081982,0.13344438629207184,1
0.049316975796407064,0.18778203823982054,0.06560856374952506,0.17174850033325928,0.1335678139056037,1
0.044632607242654755,0.18493883193781466,0.06491637435731175,0.16952232837147302,0.13149729176852634,1
0.04955698296932957,0.1879273659538156,0.06593922747191996,0.17154410131081982,0.13319848786821376,1
0.04967785700157216,0.18763671052582548,0.06573216899813458,0.17174850033325928,0.1335678139056037,1
0.0496375020119933,0.18952597080776123,0.06623147121895087,0.1711353032659409,0.13381562593587312,1
0.04967785700157216,0.18952597080776123,0.06627335529045422,0.17133970228838036,0.13406439476934823,1
0.04414863938822869,0.1843798791916798,0.06455563598207047,0.17012663852477228,0.13210007778810062,1
0.03794674127506425,0.17801527058902442,0.06202700325924209,0.16637191735169962,0.12878953869647045,1
0.04923749005712247,0.18835962274415988,0.06618958714744752,0.17154410131081982,0.13369219832234125,1
0.04955698296932957,0.1879273659538156,0.06610597646335624,0.17216174183514774,0.134314120406029,1
0.050332611934076725,0.19159782232010106,0.06708048969092861,0.17298378138191514,0.13494082650574513,1
0.05070853219603171,0.19085255199192128,0.06712347597483996,0.17465896467451678,0.13595599470696468,1
0.050919820273949166,0.1924958730655577,0.06738265334963138,0.1742368362586092,0.1358287398806101,1
0.05070853219603171,0.19204498451700894,0.06773142484730028,0.1748678071539658,0.1368563465235034,1
0.03926505668191302,0.1812162066485566,0.06361292945541416,0.1693223728060431,0.13137769136781716,1
0.07641764815231485,0.1765806252072783,0.050668074559315796,0.15104643412574983,0.11048110935590878,2
0.07410368878187111,0.17339832090595061,0.049178828137215365,0.14878027105087757,0.10860386146637746,2
0.07260853248692908,0.1705551146039447,0.048762506764828656,0.14657187291712953,0.10702896338983894,2
0.07113106589657561,0.16910183746399413,0.04812826225349216,0.1454876694067985,0.10565595078969753,2
0.06983183290756555,0.1667281514687415,0.04790577280599503,0.1447233948011553,0.10533733532220826,2
0.0693567492158884,0.16626235751362914,0.04699266855543884,0.14306598533659187,0.1048637177353999,2
0.06877189950329443,0.16579656355851677,0.04694999718935836,0.14276383025994224,0.10423701163568379,2
0.06959347677373798,0.16521897905417743,0.04652784983710088,0.14172850477671628,0.10377200527772648,2
0.06633538136683777,0.16475691145070595,0.04669585849986057,0.14114196845145524,0.10300560590998203,2
0.0674448234808399,0.16418677964964842,0.046444239153009596,0.14099533437013997,0.10346391464549963,2
0.06576473957570698,0.16293845184994726,0.04627811999723502,0.14099533437013997,0.10315773761968412,2
0.06751927748193041,0.16338934039849604,0.046113103053868426,0.140706509664519,0.10262575503732968,2
0.065413034553811,0.16271487075149332,0.04598997018200519,0.14012886025327706,0.10285347420027996,2
0.06499592816695046,0.16271487075149332,0.04627811999723502,0.140706509664519,0.10323428187613799,2
0.06534315179701734,0.1613733841607697,0.04648596576559753,0.14027105087758276,0.10308119336323024,2
0.06397601280550415,0.16237577275217152,0.046569733908604236,0.14055987558320374,0.10346391464549963,2
0.06465236602494447,0.16215219165371758,0.04703533992151933,0.1412886025327705,0.10331082613259188,2
0.06417742834352741,0.16226398220294455,0.046569733908604236,0.14172850477671628,0.10300560590998203,2
0.06397601280550415,0.1613733841607697,0.046611617980107586,0.140706509664519,0.10323428187613799,2
0.06506506964088518,0.16148517470999668,0.046738057489194774,0.14085314374583427,0.10308119336323024,2
0.05972669866904572,0.15886182315480382,0.04582700020453913,0.13912463896911798,0.1020985564710036,2
0.06311759602328253,0.16104173886472972,0.04678025647852898,0.14041768495889803,0.10308119336323024,2
0.06318281768331159,0.16126531996318363,0.0469074832821933,0.14261719617862698,0.10308119336323024,2
0.06344501841576869,0.16170875580845062,0.04703533992151933,0.14291490779826704,0.10331082613259188,2
0.0628580796332995,0.16082188411791667,0.046738057489194774,0.14246611864030215,0.10346391464549963,2
0.06311759602328253,0.16126531996318363,0.046864969375028244,0.14276383025994224,0.10377200527772648,2
0.06279353186677858,0.16126531996318363,0.04703533992151933,0.14217285047767164,0.10377200527772648,2
0.06305252037351357,0.1618205463576776,0.04716398385542248,0.14381248611419684,0.10400450845670513,2
0.06318281768331159,0.16159696525922365,0.04724995642324516,0.14291490779826704,0.10423701163568379,2
0.06305252037351357,0.16226398220294455,0.047510236010444566,0.14276383025994224,0.10423701163568379,2
0.06364310941248515,0.16384395529868573,0.04755385213001761,0.14381248611419684,0.10439297055820856,2
0.062345381452309924,0.1639594721995536,0.047466619890871524,0.14351477449455677,0.10478430306932901,2
0.06324816289048381,0.16373216474945876,0.047466619890871524,0.14396356365252166,0.10510004812720125,2
0.06318281768331159,0.16327754984926907,0.047685172865483,0.14381248611419684,0.10510004812720125,2
0.0628580796332995,0.16418677964964842,0.047597468249590644,0.14351477449455677,0.10502063346113034,2
0.06292276217852205,0.16407126274878056,0.047685172865483,0.14381248611419684,0.10510004812720125,2
0.06298756827088776,0.16226398220294455,0.04790577280599503,0.14396356365252166,0.10637929401318666,2
0.061966305122425167,0.16521897905417743,0.0479501762201452,0.14411464119084647,0.10573536545576842,2
0.06324816289048381,0.1656810466576489,0.048173138044388615,0.1447233948011553,0.10589610839432156,2
0.06311759602328253,0.16556552975678102,0.04826288962618151,0.14641635192179517,0.10637929401318666,2
0.061221787574636935,0.166377874414497,0.04821785637636963,0.14442123972450566,0.10510004812720125,2
0.06305252037351357,0.16790940493890646,0.04862520259057706,0.1451810708731393,0.10694763511735669,2
0.0628580796332995,0.16661263456787362,0.0484886857109026,0.14626083092646078,0.10719257673800911,2
0.0635769443015447,0.16755167518138017,0.04885430531252209,0.14766940679848922,0.10711124846552686,2
0.06444796289236845,0.16838265159730062,0.0489928691580971,0.14688291490779826,0.10694763511735669,2
0.06351091396930587,0.1677901616863977,0.04885430531252209,0.14704287936014218,0.10760400211644869,2
0.05996098897870754,0.16579656355851677,0.048534033878545324,0.14657187291712953,0.10670269349670429,2
0.06337926887249158,0.16862113810231816,0.049319124030860056,0.14735392135081093,0.1077695290710302,2
0.06344501841576869,0.16719767177549477,0.0492254359761815,0.14766940679848922,0.10752171704076077,2
0.0640430090517713,0.1695825368256701,0.049366204246572475,0.14846034214618972,0.10793505602561171,2
0.0640430090517713,0.16898259421148537,0.04984062795875143,0.14814485669851143,0.10868806014847672,2
0.06397601280550415,0.16934405032065256,0.05017806241450965,0.14862030659853365,0.10919420904427798,2
0.06390915133793862,0.17018993214313663,0.050081225181522575,0.1479848922461675,0.10894065619477451,2
0.06351091396930587,0.16970550642981977,0.05003288529448675,0.14910019995556542,0.10919420904427798,2
0.06411015130829854,0.17006696253898695,0.04998470286636635,0.14942457231726283,0.10936452001488786,2
0.06390915133793862,0.1705551146039447,0.050372996551807214,0.150228838035992,0.1103940402641925,2
0.06451595874733934,0.17006696253898695,0.050372996551807214,0.150228838035992,0.11022181568717128,2
0.06411015130829854,0.17140844912971057,0.05047093599720227,0.150228838035992,0.11065429073613568,2
0.06431240921320698,0.1720270235020998,0.05091654472785825,0.1507176183070429,0.11004863430694438,2
0.06438012427921613,0.17289526343442926,0.050520063178815224,0.1507176183070429,0.11056817844762507,2
0.06411015130829854,0.17153514508550113,0.05106691799209021,0.1507176183070429,0.11091645481449021,2
0.06279353186677858,0.16934405032065256,0.05056934781934361,0.14990890913130414,0.1103940402641925,2
0.06444796289236845,0.1716581146896508,0.051117147386111145,0.15121084203510332,0.11117861889284474,2
0.06451595874733934,0.17227296271039913,0.05116753423904751,0.1518684736725172,0.11188473965863176,2
0.05937865513521061,0.1695825368256701,0.04998470286636635,0.1507176183070429,0.110134746595455,2
0.06001985357664318,0.17006696253898695,0.050372996551807214,0.15104643412574983,0.11065429073613568,2
0.06485806078674439,0.1727722938302796,0.051319324633518314,0.15170406576316375,0.11197372235675938,2
0.06569409307293744,0.1727722938302796,0.051319324633518314,0.15303710286602978,0.11250953215193653,2
0.06527340381892531,0.17364798646589083,0.05167675637153565,0.1532059542323928,0.11268845435139746,2
0.06485806078674439,0.17402434798162164,0.05183153848539954,0.15337480559875583,0.11305012596314203,2
0.06527340381892531,0.17352129051010026,0.05183153848539954,0.1532059542323928,0.11295922965860304,2
0.06604883061562003,0.1755521521543902,0.051779891961139766,0.15370806487447233,0.11332185807355329,2
0.06562360381198645,0.17542545619859964,0.051935146451749944,0.15421906243057099,0.11350365068263124,2
0.065413034553811,0.1761930846366248,0.05214377951468958,0.15473005998666964,0.1135955037903759,2
0.06569409307293744,0.1761930846366248,0.05230123843011572,0.15455676516329706,0.11332185807355329,2
0.06472078867913716,0.1737746824216814,0.05188334246857474,0.15405021106420796,0.11350365068263124,2
0.06583553208873663,0.17606638868083427,0.05267236909377513,0.15507220617640524,0.11423751874138278,2
0.066191797123371,0.1773631590518671,0.052565769408031635,0.15558764718951343,0.1149799980289854,2
0.06451595874733934,0.1761930846366248,0.05288682813658553,0.15524550099977782,0.11451499167102809,2
0.06633538136683777,0.1763235069440563,0.05272574766610459,0.15558764718951343,0.11544883159976539,2
0.06633538136683777,0.1773631590518671,0.0531028617685502,0.15645412130637637,0.11544883159976539,2
0.06513436835663847,0.1761930846366248,0.052565769408031635,0.15697844923350365,0.11507376474314139,2
0.06774362786234724,0.17788484828159293,0.053430376312636564,0.15645412130637637,0.11601621590072976,2
0.06737053795312642,0.17749358135929855,0.05299468749365244,0.15715174405687626,0.11592149238336807,2
0.06789401843024616,0.17814569289645588,0.05321166587910966,0.15697844923350365,0.11611093941809143,2
0.06748203363404745,0.17710231443700417,0.053540440094519436,0.15750722061764053,0.11658838421772248,2
0.06755656625604725,0.17960269638804735,0.05348532947412029,0.1576805154410131,0.11668406453828983,2
0.06778116373075038,0.17854441252203204,0.0538733082417303,0.15803599200177737,0.11755475545545267,2
0.06804508289165323,0.18000514236526444,0.05426679807138022,0.15839146856254166,0.11697301910640322,2
0.06808295570681046,0.18054173700155388,0.05398510407168285,0.1585692068429238,0.1176513925792257,2
0.06838744325690306,0.18094418297877096,0.05404115944557456,0.15910686514107977,0.11774898650620438,2
0.06774362786234724,0.18108205798948424,0.05421011286182681,0.15892468340368807,0.11794513116336745,2
0.08776060121813664,0.21880391565030427,0.08279961321792015,0.20846478560319928,0.15688032401183757,3
0.08172502002278006,0.20901106353802182,0.07865009841969509,0.20039546767385025,0.1504400816344495,3
0.07748214156932434,0.20507230985359165,0.07564798673818031,0.1948944678960231,0.1472567973691739,3
0.0768495689647959,0.2042338807343894,0.07553918262762084,0.1950188846922906,0.1459306681261105,3
0.07243658855832827,0.19852883637217308,0.07226183276194117,0.1910019995556543,0.1426421355082108,3
0.07226545330193723,0.19742210993482612,0.07251172006072246,0.1895312152854921,0.1416690666480409,3
0.07196789562341994,0.19617005578348407,0.07246164812561694,0.1908775827593868,0.1432047357931468,3
0.07464618428747875,0.19757861670374385,0.07467929949047869,0.19311708509220174,0.14477102264083425,3
0.0727380323560758,0.19805186336213804,0.07383862634101854,0.19261497445012218,0.14391277016534515,3
0.07175685463978881,0.19868906949273174,0.07363141040831774,0.19236614085758721,0.1443404611982812,3
0.06819682124656844,0.191746876385737,0.07118260935561041,0.18880248833592536,0.1416690666480409,3
0.07067904059443518,0.19695258962807285,0.07347662829445384,0.19174405687624974,0.14306312891870712,3
0.06865611336703827,0.19279770754847053,0.07171828458589014,0.1884425683181515,0.14125668446639564,3
0.06823486253510269,0.19309954203138333,0.071865666130729,0.1898955787602755,0.1422240125073315,3
0.07299841357606093,0.2024116947819898,0.0760865098176421,0.19748055987558322,0.1474051018660533,3
0.06963309048045788,0.1960135490145663,0.07296567411389601,0.19174405687624974,0.14236370577535984,3
0.07256547069175921,0.19586076859728946,0.0741516546648857,0.19374805598755832,0.14391277016534515,3
0.06991164436204574,0.1971090963969906,0.07494587743429515,0.194636747389469,0.14622344990704658,3
0.06983183290756555,0.19508568745598248,0.07352811735979818,0.19124638969117974,0.14306312891870712,3
0.07158889791444448,0.19964674186444278,0.07619688851735583,0.19774272383914684,0.15013199100222266,3
0.0743739537733089,0.20490462402975118,0.07930292308305187,0.20215507664963342,0.15375731834851938,3
0.07817510626374019,0.21041217175499982,0.08145318203211123,0.20831815152188402,0.15772231083283023,3
0.07959885230993678,0.21076617516088522,0.08221733014867429,0.21020662075094423,0.15840164110885838,3
0.08299974575121094,0.21730219593902197,0.08528226793744409,0.21391690735392135,0.16331960958601996,3
0.08333883773294631,0.22032799347143192,0.08633125923201304,0.21681848478115975,0.16570204956814688,3
0.08664244341476261,0.2228395544773978,0.08828516691353601,0.21979115752055098,0.1683437832190113,3
0.08757223675105427,0.22720683860053137,0.09002004924370122,0.2217062874916685,0.17534662588133534,3
0.09048519759776283,0.23215170722800427,0.09158440356845991,0.2259631193068207,0.1780773422303274,3
0.09184291331172059,0.2302773523526321,0.09238697166038694,0.2274694512330593,0.17925708058292278,3
0.09431949441723593,0.24039067070603184,0.1031294487064199,0.24226616307487225,0.1923040490954861,3
0.08949294556482547,0.22842535558710533,0.08910663007531418,0.21837369473450344,0.16911305299637275,3
0.08333883773294631,0.21748851352106693,0.08493822020723797,0.21286825149966673,0.16313877378014768,3
0.0837379623946981,0.21918400351767595,0.0862605601789867,0.21651188624750056,0.16570204956814688,3
0.0841409170178878,0.22128566584314296,0.08740607378871186,0.21697400577649412,0.16644931287177783,3
0.08431480400610372,0.22090185162413037,0.0864021157439548,0.21651188624750056,0.16496244069016128,3
0.08288731785093698,0.21805119261884268,0.08555955308750952,0.21558764718951345,0.16331960958601996,3
0.07923808342035639,0.2143546517910709,0.08299564956762569,0.2107931570762053,0.16012484368227628,3
0.07959885230993678,0.21526760794309116,0.08392229528490852,0.21212175072206177,0.1624202145726869,3
0.07954711975162891,0.21674324319288715,0.08378877012462715,0.2116774050211064,0.161353378998361,3
0.07772821378382005,0.21165304685141917,0.08145318203211123,0.20875361030882025,0.15943116135816301,3
0.07651320625176848,0.21041217175499982,0.08126438879251528,0.20774494556765163,0.15806101916763862,3
0.07584923020976092,0.20814282360569236,0.07996645495265761,0.20589646745167742,0.15654544288985187,3
0.07478305205898109,0.20779999925472967,0.07996645495265761,0.20618084870028883,0.15671288345084472,3
0.07252246505438169,0.2052399956774321,0.07853247660987175,0.20477671628526994,0.15522218405640545,3
0.0737463904438576,0.20676779985020066,0.07990567581130313,0.20603865807598312,0.15688032401183757,3
0.07260853248692908,0.2042338807343894,0.07876787768843384,0.20435903132637193,0.15375731834851938,3
0.07150522280385098,0.20356686379066846,0.07771920131169575,0.20242612752721617,0.15263690179467576,3
0.06995161747863665,0.2009397858838347,0.07669776532732638,0.2007998222617196,0.1513739215631868,3
0.07084275179067825,0.2002914006983183,0.07686608890791692,0.2010708731393024,0.15295551726216502,3
0.069004651089446,0.19916604250276682,0.07641874812919126,0.20026216396356367,0.15121796264066203,3
0.06737053795312642,0.19805186336213804,0.0754305359759768,0.19813374805598755,0.15121796264066203,3
0.0692389863253417,0.19964674186444278,0.07619688851735583,0.20012886025327706,0.15121796264066203,3
0.06904360213421624,0.2009397858838347,0.0766418674123501,0.20066651855143303,0.15153083728891725,3
0.06869467130726209,0.2009397858838347,0.0774899411308353,0.20201732948233725,0.15391901809027822,3
0.07158889791444448,0.20406619491054892,0.07847390189333324,0.20422128415907576,0.1545677306637248,3
0.06865611336703827,0.19916604250276682,0.07625231405558583,0.2007998222617196,0.15090604479561248,3
0.0674448234808399,0.19900580938220816,0.07581190146913892,0.19985780937569428,0.15059508375376862,3
0.06755656625604725,0.19868906949273174,0.07647433112633668,0.19945789824483448,0.15013199100222266,3
0.06612024086436546,0.19632656255240183,0.07521434488509672,0.19826705176627415,0.1495177233441803,3
0.6213224802933602,0.9541174322456113,0.4992614389571937,0.8849411241946235,0.8077925880282869,4
0.5135606186697322,0.8580073707235457,0.4172259738558366,0.7735658742501667,0.7058662561343045,4
0.47159241788486866,0.8108615697628923,0.3805074995319534,0.7313263719173517,0.6639458372841333,4
0.4344197331563659,0.7581970420220675,0.3443681590990075,0.6839235725394357,0.6115962634921212,4
0.3990740186546527,0.7096277747345906,0.3191802436928651,0.6595867584981115,0.5983454958967495,4
0.436352055401594,0.7645355661632366,0.3386426380162822,0.6754054654521218,0.6051875956205204,4
0.40601130305857014,0.7178071165863638,0.31060062230912555,0.6421061986225284,0.5739919839027429,4
0.4020178999818262,0.7169388766540343,0.3081378074129453,0.6415196622972673,0.5698652916766732,4
0.3898745635963917,0.691763644968121,0.2847345313542427,0.6070517662741614,0.537473675951804,4
0.39426214944916116,0.6966600710242623,0.2937380321383094,0.6156009775605421,0.5477019022204532,4
0.39205609166092836,0.6897439623787538,0.2889708060148676,0.6139791157520551,0.5444066719801138,4
0.3904953542960863,0.6893415164015367,0.28606899566247923,0.6075805376582981,0.5361083177773078,4
0.4053402399031687,0.7104811092603565,0.2957708267364609,0.6249411241946234,0.554898975933529,4
0.4033403036759577,0.703714054680484,0.29054271836756673,0.6172272828260387,0.5434718752481709,4
0.40769873240294174,0.7113344437861223,0.2974175320739874,0.627740502110642,0.5568489408666915,4
0.4066846125256654,0.7087781665604657,0.2974175320739874,0.6243856920684292,0.5496030701901263,4
0.4184821067627246,0.7143416095603278,0.30332743754667674,0.635134414574539,0.5622835830749168,4
0.4063476657715976,0.7134808223312801,0.3065909310277989,0.6391824039102422,0.5642861721843913,4
0.4253777445478393,0.7306518506925425,0.3191802436928651,0.6534547878249278,0.5829581867431088,4
0.4390863558477373,0.7402323007612936,0.31705013948498023,0.6504332370584315,0.5792333518634221,4
0.43480484083314846,0.7243953062874732,0.3128736992122173,0.6409331259720062,0.5739919839027429,4
0.4328861312367847,0.7388460979508792,0.31941863649082025,0.6492290602088425,0.5818894375623717,4
0.436352055401594,0.7425463651302919,0.31989668175805397,0.6546722950455455,0.5824233337511374,4
0.4458716997286871,0.7519554030235617,0.3287505965724658,0.6658253721395245,0.5944235595566939,4
0.4434530510017545,0.7505319366967383,0.3287505965724658,0.6670873139302377,0.5938676568941976,4
0.4434530510017545,0.7462838958261135,0.3284980324721223,0.6620662075094423,0.5977819388086077,4
0.45794364832849305,0.7630636572650815,0.34189085798260804,0.6839235725394357,0.6098347887904764,4
0.4583716156323931,0.7591658934487012,0.34189085798260804,0.6806220839813375,0.6104213091555541,4
0.4562398658349907,0.7655230493480748,0.33891094800816834,0.6728238169295712,0.6051875956205204,4
0.4583716156323931,0.7635555356816801,0.3427126360622171,0.6766985114419019,0.6133673062258228,4
0.4684398092751086,0.7780398645098543,0.35347400817810115,0.6879226838480338,0.6199491554776505,4
0.4644478438378487,0.7674980157177512,0.3457599384524591,0.6806220839813375,0.6139595674101347,4
0.4644478438378487,0.7694841611423504,0.34464560170798836,0.6819373472561653,0.6145537422008579,4
0.46665718124115435,0.7674980157177512,0.3429875593285511,0.6793112641635192,0.6104213091555541,4
0.46577092142548826,0.7674980157177512,0.3466004541430039,0.6845856476338591,0.6151488737947868,4
0.46577092142548826,0.7689885563741108,0.3502901889081846,0.6872517218395912,0.622376565210444,4
0.46978575431579095,0.7811029255586732,0.35144137103886514,0.6906154187958231,0.6272897496715772,4
0.47524775105169786,0.7739930466278381,0.3485775082850945,0.6885936458564763,0.6193444558516649,4
0.4693362673458645,0.7836741081908936,0.3552350286882271,0.691970673183737,0.6254383354685992,4
0.4827310239759068,0.7946519401249819,0.3591115097271032,0.6995112197289491,0.6335395882110364,4
0.4780266183218459,0.7805924153838701,0.351152748846889,0.6879226838480338,0.6193444558516649,4
0.4789601854617831,0.7857422333515924,0.35464613234453335,0.6953788047100644,0.6211604683360331,4
0.47068733397720863,0.766510532532913,0.3416178242232591,0.6786536325261053,0.608666532076349,4
0.45286999395820776,0.7625755052001237,0.3435385080736272,0.6766985114419019,0.6080838389240939,4
0.46313226893126636,0.766510532532913,0.3463198623557145,0.6793112641635192,0.6133673062258228,4
0.47663314132572304,0.7862601962296774,0.3567160872467254,0.6974361253054877,0.6248240678105568,4
0.35592297752119256,0.7270633740623568,0.32500275946749285,0.6614441235281049,0.5922056897259429,4
0.4644478438378487,0.7765157866887267,0.34801034127172953,0.6825994223505888,0.6139595674101347,4
0.46888758904814776,0.7744961040993594,0.35173030814867207,0.6912908242612753,0.6235984029040891,4
0.4784929526294758,0.7920136831632254,0.35790978328457096,0.6933303710286604,0.6303993600900161,4
0.47617044604303715,0.7867818854594033,0.3609292154467826,0.6946945123305932,0.6303993600900161,4
0.47068733397720863,0.7831598716644494,0.34971751083277974,0.6859186847367251,0.6157449621919213,4
0.472046262699481,0.7826456351380054,0.35376625192513206,0.694010219951122,0.622376565210444,4
0.48416044195913016,0.790959125648851,0.36153921128514344,0.6988180404354588,0.6322794783891644,4
0.43557707786723804,0.7878215375672141,0.35850970175234453,0.7022928238169296,0.6329090548984976,4
0.4954070956426394,0.8021381805715478,0.3668082589720484,0.7100510997556099,0.6354388425742982,4
0.4592298864043546,0.7904374364191251,0.3633814805956293,0.7043901355254388,0.6316518154862426,4
0.49045370880043937,0.7999880756747492,0.3683874144348571,0.710766496334148,0.6431478060024093,4
0.5009726473476298,0.8059316065419829,0.3805074995319534,0.71870695401022,0.655739336189072,4
0.5092949176894676,0.8175280128484604,0.37418583899542474,0.7129126860697623,0.6497143464029462,4
0.5030276182113386,0.8075712012639785,0.3732069169182204,0.7165252166185292,0.6497143464029462,4
0.493413808498042,0.801061264947328,0.3722328760673943,0.7065052210619862,0.641850380855516,4
0.5066646664009804,0.815851154610056,0.37815380366416346,0.7143523661408576,0.6483910875694998,4
0.5087667199577909,0.8097622960288271,0.3764904076816017,0.7129126860697623,0.6457589219506921,4
0.4964098042565113,0.8097622960288271,0.3735326994142371,0.711481892912686,0.6490522385846201,4
0.5056201763896041,0.8136265226804392,0.37549936126790956,0.7150766496334148,0.6503783678276835,4
0.4984274414198694,0.8037591435353388,0.3732069169182204,0.7179782270606532,0.6497143464029462,4
0.5135606186697322,0.8242987937799738,0.3888038523268412,0.7283181515218841,0.6591340739628014,4
0.5108862498195791,0.8237323883305572,0.3832334282758107,0.7194401244167963,0.6543912004722781,4
0.5056201763896041,0.8197750028879225,0.3818655826775038,0.7150766496334148,0.6550647899290721,4
0.5077135142570427,0.8180869655945953,0.37781999076346,0.7172495001110865,0.6497143464029462,4
0.5014848513400468,0.8059316065419829,0.37418583899542474,0.711481892912686,0.6444509719685365,4
0.493413808498042,0.8043031908749101,0.37385895428700006,0.7050922017329483,0.6483910875694998,4
0.5014848513400468,0.8130712962859453,0.37484149791925914,0.7121972894912242,0.6451044685580114,4
0.5066646664009804,0.8180869655945953,0.3888038523268412,0.7275716507442791,0.6611873736421766,4
0.5040614607052863,0.8136265226804392,0.38220663868831684,0.7260786491890691,0.6577715861979224,4
0.5114188952484094,0.8260091891831465,0.3888038523268412,0.7335969784492335,0.6646385628050409,4
0.5098242835032251,0.822595851080083,0.39165007968208415,0.7298200399911131,0.6681251536865149,4
0.5140988349515632,0.8248689255810314,0.39057794192694756,0.7298200399911131,0.662563256651935,4
0.507188551214205,0.820900361083474,0.3835768461703551,0.7253365918684737,0.6618753151470559,4
0.5092949176894676,0.8248689255810314,0.39093458637038775,0.7320817596089758,0.6660287978628844,4
0.5087667199577909,0.8169690601023256,0.3828904827580126,0.7253365918684737,0.6570932127250999,4
0.5103546826203617,0.8175280128484604,0.38774714554541645,0.7260786491890691,0.662563256651935,4
0.5140988349515632,0.8317589497650535,0.3930889392512482,0.7290690957564986,0.6639458372841333,4
0.5157203575108391,0.8277270372896008,0.39490223612129566,0.7320817596089758,0.6667263073998203,4
0.5162631113422915,0.8306037807563749,0.3923682497953428,0.7374139080204399,0.6702339479518192,4
0.5119526189068528,0.822595851080083,0.3888038523268412,0.726825149966674,0.6605013457437088,4
0.5151786819089997,0.8254390573820889,0.39165007968208415,0.7298200399911131,0.662563256651935,4
0.5206467886127137,0.8242987937799738,0.38915734759197296,0.7283181515218841,0.6591340739628014,4
0.5045799543704459,0.8141817490749332,0.3832334282758107,0.7172495001110865,0.655739336189072,4
0.37554540869108555,0.7841920710689785,0.3633814805956293,0.6974361253054877,0.6405577397246511,4
0.5162631113422915,0.826579320984204,0.3945381911088304,0.7328371473005999,0.6709400687176063,4
0.5273636649132369,0.8429007411713414,0.4073022831700196,0.7412663852477227,0.6831718408989358,4
0.5499282702134162,0.8375869637314195,0.403083486449007,0.7412663852477227,0.6824398864465956,4
0.5330948596425271,0.8494852045208098,0.4131991195527285,0.755472117307265,0.6898273639976004,4
0.5325161198977403,0.8423082512604384,0.4076901044787142,0.7490957564985559,0.6780826046479587,4
0.5223099128645585,0.8387607644983026,0.3993232100897154,0.7366451899577872,0.6730670422438183,4
0.5256682386992355,0.835831852108556,0.40460737383250117,0.7404932237280605,0.6809817183611492,4
0.5360073824584554,0.8452818798698758,0.40807871308198584,0.7506776271939569,0.6802545479248374,4
0.5313624591380459,0.8411232714386325,0.40652868751853094,0.7475183292601644,0.6846395770164388,4
0.5290700531283041,0.8405307815277296,0.4053737263738802,0.7428215952010664,0.6780826046479587,4
0.38227771715294506,0.7914845412302177,0.37158650721957,0.715800933125972,0.6470726127520817,4
0.5267973248089998,0.8399420179684676,0.403083486449007,0.7506776271939569,0.6795292910949369,4
0.5354223530409259,0.86109278988221,0.4152027842515261,0.7530682070650967,0.6846395770164388,4
0.5325161198977403,0.8423082512604384,0.40575792612752,0.7435992001777383,0.6788049910682421,4
0.5561632228031547,0.8573925227027974,0.41359827790333376,0.752268384803377,0.6898273639976004,4
0.5262321527868433,0.8464780387466043,0.4096407055230132,0.7435992001777383,0.6831718408989358,4
0.368214884962054,0.7811029255586732,0.3764904076816017,0.7172495001110865,0.6503783678276835,4
0.5383604388839295,0.8580073707235457,0.4143989564882757,0.7530682070650967,0.6913238042112736,4
0.5583789846579045,0.8561665530129416,0.4160097611930851,0.7546678515885359,0.6966120555290308,4
0.5239836846338319,0.8458818224840605,0.40807871308198584,0.7459453454787824,0.6839047521544817,4
0.5354223530409259,0.8494852045208098,0.40807871308198584,0.752268384803377,0.6788049910682421,4
0.5168070332558248,0.8452818798698758,0.4096407055230132,0.7467318373694735,0.6861140107563817,4
0.5267973248089998,0.8440894473447882,0.41280074849670034,0.7506776271939569,0.6890820143003807,4
0.570058951867145,0.8673269761774339,0.42679176042689,0.7677182848255943,0.7035306995092556,4
0.5606124474488015,0.8604742155098208,0.4221627832311924,0.7587025105532104,0.69813815664208,4
0.5606124474488015,0.8561665530129416,0.41885882280880565,0.7595112197289491,0.6958523537837261,4
0.435964207224545,0.826579320984204,0.4008189123273483,0.7412663852477227,0.6766416590202143,4
0.5561632228031547,0.866700949101763,0.41926900328349076,0.7595112197289491,0.6943358207027337,4
0.5558481101987504,0.8561665530129416,0.4205042684750088,0.7587025105532104,0.6935809029734573,4
0.5625411306690856,0.8648228678747498,0.42979056547118083,0.7677182848255943,0.7012094949322918,4
0.0,0.005850372076211344,0.0,0.0003154854476782937,0.001035261068538684,5
2.678726694839084e-05,0.012017484041899097,0.0,0.006020884247944901,0.003926720356083881,5
2.9011115525238383e-05,0.012580163139674838,0.0,0.006758498111530771,0.004174532386353307,5
3.2975855664769605e-05,0.013794953774607894,0.0,0.006438569206842924,0.0035803575956300884,5
3.241427774132326e-05,0.013198737512064063,0.0,0.006225283270384359,0.0033976081833464577,5
4.511717036967967e-05,0.013593730785999352,0.0,0.006567429460119973,0.003523906206495354,5
4.04673051635439e-05,0.012732943556951695,0.0,0.006460786491890691,0.0035449558770201703,5
4.768919725906395e-05,0.016015859352583667,0.0,0.008469229060208843,0.004237681397927756,5
4.553273803302997e-05,0.014245842323156666,0.0,0.0061852921572983785,0.0032665261441691936,5
2.8483232277198816e-05,0.009792852112282428,0.0,0.003830259942235059,0.0019222176401979818,5
2.8348453575571694e-05,0.006085132229587977,0.0,0.0017107309486780716,0.0010438722973897452,5
2.1879075897469755e-05,0.005187081484131332,0.0,0.0013330371028660297,0.0009204446838578689,5
2.0014637191627876e-05,0.004057996936938951,0.0,0.0001777382803821373,0.0006085268388083207,5
3.0078113579786448e-05,0.006297534273119217,0.0,0.0010664296822928238,0.0008505980498437062,5
3.130235345289949e-05,0.00656955794290484,0.0,0.0008798044878915797,0.0006745462599997895,5
1.843098744750917e-05,0.0024146758633025165,0.0,0.0,0.00013682285841130483,5
1.6892263937266174e-05,0.0014532771399505887,0.0,0.0,8.611228851061143e-05,5
2.330548382302348e-05,0.002560003577297575,0.0,0.0,0.00036262841495024147,5
2.271021122417035e-05,0.0019451555565492492,0.0,0.0,0.00022580555653893664,5
2.1283803298616623e-05,0.0016656791834818285,0.0,0.0,0.00016648375778718208,5
4.038868425426141e-05,0.003875405706534903,0.0,0.0,0.0,5
4.086040970995635e-05,0.0054665578571987524,0.0,0.00043990224394578983,0.0005597298753189742,5
7.404966498563556e-05,0.022943147053014805,0.0,0.010477671628526994,0.003105783205616052,5
5.2103199737352254e-05,0.012352855689580004,0.0,0.003048211508553655,0.0010256930364819495,5
6.62325002912624e-05,0.0162431668026785,0.0,0.00445234392357254,0.0015222739002264754,5
4.673451478920516e-05,0.009371774376860847,0.0,0.0019773383692512775,0.0008505980498437062,5
4.856525881964025e-05,0.009725777782746246,0.0,0.0023061541879582314,0.001008470578779827,5
5.229413623132401e-05,0.008805368927444207,0.0,0.0011864030215507665,0.0007826650222408905,5
4.553273803302997e-05,0.006953372161917432,0.0,0.0008353699177960453,0.0007070775689926871,5
5.379916506616023e-05,0.009178004091534102,0.0,0.002648300377693846,0.0011893063846521112,5
6.0032680016414696e-05,0.009628892640082874,0.0,0.0019773383692512775,0.0010170818076308884,5
6.075149975842602e-05,0.011044906263624473,0.0,0.0034436791824039104,0.0014543408726236597,5
6.568215392628497e-05,0.012241065140353035,0.0,0.0032703843590313262,0.0013959758770775786,5
7.13990171869688e-05,0.015658129595057368,0.0,0.0052521661852921574,0.001997805093446185,5
7.690248083674302e-05,0.019671410312305532,0.0,0.006145301044212397,0.00216237524482202,5
7.665538655042663e-05,0.020647714442221056,0.0,0.006585203288158187,0.002355649492368059,5
6.55698383415957e-05,0.013437224017081596,0.0,0.004674516774050211,0.0019116928049355737,5
7.331961368515531e-05,0.01857958928152214,0.0,0.006802932681626305,0.0024494162065240585,5
7.844120434698602e-05,0.02126628881461028,0.0,0.008158187069540102,0.003139271317814623,5
7.211783692898013e-05,0.01850506224870416,0.0,0.006887358364807821,0.0026158999643112403,5
6.393003080513236e-05,0.01296397735868743,0.0,0.005021106420795379,0.0020408612377014906,5
3.0617228386294944e-05,0.006405598470705287,0.0,0.0019773383692512775,0.0011156325378152547,5
1.899256537095552e-05,0.0033574428284499497,0.0,8.442568318151522e-05,0.0005281553695317501,5
1.7442610302243597e-05,0.0023326961272027396,0.0,0.0,0.0004563951291062406,5
6.964689406581619e-05,0.012811196941410573,0.0,0.004065763163741391,0.0019336992786660632,5
6.987152523519473e-05,0.012054747558308087,0.0,0.004012441679626749,0.0018906431344107575,5
7.319606654199711e-05,0.01522214645307219,0.0,0.0056298600311041995,0.0024608978449921397,5
7.429675927195196e-05,0.01437253827894723,0.0,0.0050388802488335925,0.002355649492368059,5
4.385923582115985e-05,0.006897476887303947,0.0,0.002372806043101533,0.001386407845020844,5
7.894662447808773e-05,0.01561341337536658,0.0,0.0063097089535658745,0.0029239905965380945,5
8.224870266795226e-05,0.018989487962021025,0.0,0.006394134636747389,0.003105783205616052,5
6.19083502807255e-05,0.010154308221449625,0.0,0.004101310819817818,0.0019652737844532875,5
2.3069621095176014e-05,0.004151155727961425,0.0,0.0011864030215507665,0.0009730688601699092,5
1.549955068711923e-05,0.002310338017357346,0.0,0.0,0.0006745462599997895,5
1.3432943928836666e-05,0.001088094679142492,0.0,0.0,0.00015213170970208018,5
8.187806123847767e-06,0.0,0.0,0.0,0.00019614465716305936,5
