index0;index1;index2;index3;index4;Label
0.3665636886253032;0.6257475992979553;0.3898663850881368;0.6166851810708731;0.5688424690498083;0
0.3971352270317465;0.6617255243908347;0.4104262680520741;0.6403510331037547;0.6075021025750444;0
0.4239072190606196;0.7003789699618794;0.42679176042689;0.6552810486558542;0.6205538551036361;0
0.4483168549336064;0.7248387421327401;0.4673094034621751;0.6845856476338591;0.6550647899290721;0
0.4775612274651274;0.7402323007612936;0.506940867721442;0.7008975783159298;0.6766416590202143;0
0.503544000343506;0.7557860925104058;0.5108697825791549;0.7086291935125527;0.6839047521544817;0
0.4979214821739611;0.7538670214153429;0.5030719447105063;0.7043901355254388;0.6809817183611492;0
0.5296412901920337;0.7674980157177512;0.5344456336091646;0.7223772495001111;0.7043076237122625;0
0.5360073824584554;0.7760090028655644;0.5534252588978852;0.7374139080204399;0.7211626689834062;0
0.5514738674374421;0.7811029255586732;0.5384750072549195;0.7374139080204399;0.710717248387069;0
0.4929179576547558;0.7591658934487012;0.5007201383497014;0.7050922017329483;0.6795292910949369;0
0.5189942220258297;0.7581970420220675;0.5102615187888638;0.711481892912686;0.6846395770164388;0
0.5609329961275047;0.775505945394043;0.5341126080030383;0.7290690957564986;0.7043076237122625;0
0.5836233499563019;0.7857422333515924;0.5548582924871786;0.7351210842035103;0.7211626689834062;0
0.6033638472688202;0.8119682962002392;0.5527114976342585;0.7420439902243946;0.724849231734866;0
0.6209292409682462;0.8097622960288271;0.5602984980151516;0.7483048211508554;0.7285731098113472;0
0.5839707195966289;0.7978454234812322;0.5688502491708607;0.7498866918462563;0.7335972834443385;0
0.639965070302424;0.8108615697628923;0.607980836620157;0.7652388358142636;0.746028070692448;0
0.646288392794196;0.8237323883305572;0.6123226087541174;0.7677182848255943;0.7521793585017227;0
0.5953095619120511;0.7983782917658808;0.5411951100189061;0.7283181515218841;0.7050864615216806;0
0.604851714282316;0.7935936562589665;0.5425654749598597;0.7343568095978671;0.7082180784138499;0
0.622900334553309;0.8075712012639785;0.5599325634957013;0.7435992001777383;0.7219778653146399;0
0.5798291947267967;0.7904374364191251;0.5544992861600069;0.7328371473005999;0.7050864615216806;0
0.5654591794117806;0.7852242704735075;0.5354473872291057;0.7216396356365252;0.707432542981992;0
0.59603287427745;0.7973125551965837;0.5505813934263737;0.7343568095978671;0.7115104382445723;0
0.6205365407579386;0.8037591435353388;0.5949032438583544;0.7546678515885359;0.73911899474428;0
0.6089814684788727;0.8048472382144813;0.5753405482058108;0.7451632970451011;0.7344411838717424;0
0.6571095501166684;0.8340804668373336;0.599060001766689;0.7693801377471673;0.7539551852514527;0
0.6055984332155641;0.8092145223376149;0.5559378308113402;0.7351210842035103;0.7131006451724016;0
0.5949485346966259;0.7883432267969399;0.5647279747650044;0.735880915352144;0.7167068364545849;0
0.6450137456866744;0.8192123237901467;0.5957300606232571;0.7578893579204621;0.7378368784486775;0
0.5956709934635811;0.8016015859352583;0.5460218556123789;0.7298200399911131;0.6989035992066188;0
0.6018832583052124;0.8021381805715478;0.5527114976342585;0.7298200399911131;0.7050864615216806;0
0.5832763846520799;0.7951848084096304;0.5398316732702312;0.7216396356365252;0.6943358207027337;0
0.6015142342201574;0.7941227981919742;0.5625044974202719;0.7298200399911131;0.7103211318599202;0
0.6022527316526063;0.7935936562589665;0.5617672747782467;0.735880915352144;0.7027547321094545;0
0.636642910086017;0.8175280128484604;0.5891797697415296;0.7546678515885359;0.7281569004168792;0
0.6178012968608838;0.8059316065419829;0.5819804332104157;0.7397200622083981;0.717512464753762;0
0.6305059865385954;0.8103137960716801;0.582771664260432;0.7459453454787824;0.7244378063564264;0
0.6139353944358792;0.8021381805715478;0.5726502051768397;0.7435992001777383;0.7191304189745558;0
0.6441667513994157;0.8254390573820889;0.5847591106909408;0.7538680293268163;0.7327552966233458;0
0.6321309234916458;0.8141817490749332;0.5839625260377999;0.7483048211508554;0.7264997172646527;0
0.6429004605713949;0.8147369754694271;0.5899906831559742;0.7530682070650967;0.7244378063564264;0
0.6770615601382736;0.8254390573820889;0.6307912798622801;0.7693801377471673;0.7588817649574653;0
0.7037723177103741;0.8429007411713414;0.6435733222398279;0.7820706509664519;0.7652454630783995;0
0.6637779510108397;0.8311813652607142;0.6037000010864665;0.7587025105532104;0.7352879547087634;0
0.6571095501166684;0.815851154610056;0.6257278735189218;0.7677182848255943;0.7490907977538088;0
0.666483363888601;0.835831852108556;0.6239068611620184;0.7760986447456121;0.7584311106475932;0
0.7387450096922172;0.8679567296047459;0.6808720326670564;0.8378093756942901;0.8155159035044831;0
0.7332244291473363;0.872379909002493;0.6879720126225365;0.838795823150411;0.8196952199068648;0
0.6928390694343818;0.8555554313438342;0.650406881710407;0.8023328149300155;0.7859497276459675;0
0.7283259421629324;0.8698459898866816;0.6665840532223731;0.8068740279937792;0.7947427491061066;0
0.6602047429995352;0.8346617776933138;0.6676218649339468;0.792517218395912;0.784984313211443;0
0.7187226901145966;0.8567814010336899;0.6568833243607994;0.7987380582092868;0.7845030411989893;0
0.6646773292867975;0.8317589497650535;0.5998983130324178;0.7603243723616974;0.7361356823489902;0
0.6860566906848677;0.8352468149009349;0.6918565240660993;0.8068740279937792;0.794249038651979;0
0.7694496196034004;0.8800636460860266;0.7137329210219147;0.8427504998889136;0.8202214616699852;0
0.7736968559015421;0.880708304919902;0.7191180159294887;0.8437458342590536;0.8297933209395425;0
0.884604182863744;0.9312376331704918;0.8040368686901292;0.8976805154410131;0.8897408689878075;0
0.7761448863854294;0.8925022078633472;0.7049344317457328;0.8363385914241279;0.8139601414920581;0
0.8021605901932388;0.8978420697647554;0.7402157785485217;0.8646478560319929;0.8496173265578909;0
0.751187869278901;0.8730133887814457;0.6830410292270515;0.8261808487002889;0.7982149879394956;0
0.7272462299841975;0.8673269761774339;0.6718055483168193;0.7960586536325261;0.7893463790261083;0
0.7337727538317894;0.8629559657026595;0.6924150308391159;0.8314730059986669;0.802723444644629;0
0.719249540059257;0.8531183973706863;0.6548768254015241;0.7916374139080204;0.7778197708073601;0
0.7057973677023216;0.8561665530129416;0.6523859828183981;0.797840479893357;0.784984313211443;0
0.6967752814154019;0.8537257926881529;0.6614430196337097;0.7969473450344368;0.7854665420271024;0
0.7187226901145966;0.8648228678747498;0.6723322483889197;0.8014307931570762;0.7908102879307887;0
0.6908876086135226;0.8519036067357533;0.654377208262877;0.7951699622306154;0.7768744492401547;0
0.6678443592176316;0.8340804668373336;0.6335877502002484;0.7820706509664519;0.7611426909324717;0
0.7283259421629324;0.8704794696656345;0.6728597357555973;0.8041413019329038;0.7967233317418506;0
0.8107775317030674;0.905972969045197;0.7749868010064144;0.8773605865363253;0.8593087862281574;0
0.8202667609698266;0.9018888876467716;0.7251975046540919;0.8502643856920684;0.828183021144394;0
0.7552353186149975;0.8768440782682899;0.688524221038936;0.8242746056431904;0.7982149879394956;0
0.7381892272529409;0.8704794696656345;0.681954877628442;0.8305043323705843;0.7997123849563745;0
0.7460473197463748;0.8698459898866816;0.6681419517315993;0.8005287713841368;0.7830611387680393;0
0.7234924634389467;0.8604742155098208;0.6604242604509025;0.7898778049322372;0.7845030411989893;0
0.7083451344254129;0.8512962114182867;0.673388010416852;0.7996311930682071;0.7874021549121798;0
0.7449145047591988;0.8673269761774339;0.6792544572288837;0.8023328149300155;0.7927717345024192;0
0.7245609889854465;0.8635745400750487;0.6686629832827444;0.7969473450344368;0.7825817803619969;0
0.7256327042945515;0.8660749220260919;0.6857716817383717;0.8041413019329038;0.7937562850010572;0
0.7552353186149975;0.8774887371021654;0.681954877628442;0.8023328149300155;0.7898333918577961;0
0.7911648944521593;0.8985165394117581;0.7155189774995934;0.8477449455676517;0.8191708917501557;0
0.7575677988253564;0.8846060687362823;0.7149226805868746;0.8417551655187736;0.8186465635934467;0
0.7234924634389467;0.8685864830320578;0.6578912188784422;0.7951699622306154;0.7816249771563235;0
0.7517634192610827;0.8736505949120394;0.6814130615004607;0.8237991557431682;0.7932635313501354;0
0.7823333852493405;0.8965043095256727;0.7203257258108071;0.8507709397911575;0.8271123583572454;0
0.7288669438712637;0.8692162364593697;0.6808720326670564;0.8068740279937792;0.794249038651979;0
0.7995459732341405;0.9025670836454152;0.7320046110268793;0.858427016218618;0.8346634492564204;0
0.7749189393154291;0.8891969339578699;0.7009022238395003;0.8402710508775828;0.8165569053922558;0
0.7706583149995925;0.889856498198309;0.7276581151254562;0.8512774938902467;0.829255597537954;0
0.7599147452830234;0.8852581802734397;0.7383046996919946;0.845740946456343;0.8255116265941538;0
0.7569833085226335;0.8820050752909349;0.6940960622202054;0.8324416796267496;0.8022201661584447;0
0.8081065772466888;0.9087118375012576;0.7345116718782944;0.8512774938902467;0.8244486182326505;0
0.7145353854124451;0.8635745400750487;0.6671025654308713;0.8005287713841368;0.7917900544133983;0
0.7218955155296007;0.8598556411374316;0.6824974810510005;0.8041413019329038;0.7972199126055952;0
0.7129777030315065;0.844685663607332;0.648930389460456;0.7916374139080204;0.7698553409233342;0
0.7234924634389467;0.8749250071732269;0.7009022238395003;0.8378093756942901;0.8077925880282869;0
0.7860940704346082;0.8878815318286325;0.7049344317457328;0.8368273716951788;0.8057574676098195;0
0.7755313737356228;0.8787743284182755;0.7037777385530124;0.8368273716951788;0.8108648831217045;0
0.7563998065970557;0.8736505949120394;0.6852238821716041;0.8309886691846257;0.7972199126055952;0
0.7494665206279533;0.8918389172712672;0.7227534273688474;0.8538191512997112;0.8335765208147753;0
0.805453054169054;0.9107799626619566;0.7370360532104062;0.8662163963563653;0.844574016860786;0
0.7534953705032251;0.8820050752909349;0.7009022238395003;0.8447411686291935;0.8134425109577887;0
0.8074414892803928;0.9191381693924928;0.7307575364167043;0.8672694956676295;0.8434612547325878;0
0.76465248620262;0.8938325153991482;0.7179143999799712;0.8487536103088202;0.8265784621684796;0
0.8202667609698266;0.9205467303127528;0.776389287566115;0.8887847145078871;0.8715864849633592;0
0.7736968559015421;0.8965043095256727;0.7518937190111014;0.8709575649855588;0.85643550620152;0
0.9211437671044702;0.9548738816287138;0.863941325769427;0.9399733392579428;0.935162230767538;0
0.8538140783294953;0.9348559206138046;0.747308830311723;0.8800533214841146;0.8651117976705669;0
0.7937248811108649;0.8958335662303109;0.7320046110268793;0.8594578982448344;0.8390398671191708;0
0.7599147452830234;0.8911793530308281;0.7049344317457328;0.8392846034214619;0.8149973161670081;0
0.8216405153492781;0.9066548913954814;0.7538758118384856;0.8725527660519884;0.861041556833632;0
0.7676436748540647;0.9128555405259372;0.735141192622168;0.8795156631859586;0.8479295257030829;0
0.8008511701806975;0.9255065043467892;0.7466583675320976;0.8838524772272828;0.8575827132451225;0
0.7842092352185868;0.91216243912073;0.7288947974472131;0.8589424572317262;0.8417983307611274;0
0.7694496196034004;0.9032452796440588;0.7215375296239267;0.8512774938902467;0.8233875234775586;0
0.8195815460507544;0.923375031208195;0.7447139073855003;0.8784359031326372;0.8558633378845273;0
0.7950111191867264;0.9212510107728826;0.7973125857068559;0.892099533437014;0.8763551921404358;0
0.7773746971115431;0.9100905876083902;0.7383046996919946;0.8558586980670962;0.8330340133971584;0
0.8008511701806975;0.9107799626619566;0.7486130625081977;0.8778982448344812;0.8440171573950841;0
1.0;1.0;1.0;1.0;1.0;0
0.9083527292052496;0.974955190621518;0.8063036472366039;0.9183559209064652;0.8928399545709838;0
0.7911648944521593;0.918437615284004;0.7799182567786457;0.8876827371695178;0.8633627614105959;0
0.8244018613882146;0.9198424498526228;0.8170525800981694;0.9010664296822928;0.8817831367262213;0
0.7995459732341405;0.918437615284004;0.7625873837933522;0.8736147522772717;0.8484921259880189;0
0.8428132609977539;0.9283646160553588;0.7980540597395976;0.8915441013108198;0.8715864849633592;0
0.7761448863854294;0.8925022078633472;0.74277952460949;0.8589424572317262;0.8287188309395712;0
0.8008511701806975;0.8998617523541227;0.7806277666515559;0.8827638302599422;0.8627810250615464;0
0.7860940704346082;0.9032452796440588;0.7239734190455691;0.8522906020884248;0.8271123583572454;0
0.8271818967404434;0.9198424498526228;0.7950960365544021;0.8954410131081981;0.8805708670646331;0
0.7558171133436878;0.8991872827071199;0.7307575364167043;0.8625638746945123;0.8297933209395425;0
0.7569833085226335;0.889856498198309;0.7072594700909152;0.8442435014441235;0.8093253867637759;0
0.8154945167026134;0.9087118375012576;0.7841953132983659;0.8811375249944456;0.8616204227730645;0
0.7730872069078487;0.8885373697174308;0.7295145557383304;0.8437458342590536;0.8202214616699852;0
0.8141412486858094;0.8998617523541227;0.7565349780022023;0.8589424572317262;0.8412443417050425;0
0.8101081308183193;0.904609124344628;0.7659916455448653;0.8677938235947568;0.8384897052759086;0
0.7718708740518978;0.8833055720136086;0.7370360532104062;0.8507709397911575;0.8287188309395712;0
0.7792268260293029;0.8971713264693936;0.7395775975642995;0.8589424572317262;0.8297933209395425;0
0.7529171698732448;0.8911793530308281;0.7370360532104062;0.8477449455676517;0.8186465635934467;0
0.7616844794878553;0.8717427028718993;0.6857716817383717;0.8005287713841368;0.784984313211443;0
0.7506132178213969;0.866700949101763;0.6952212636298405;0.8032392801599645;0.7854665420271024;0
0.7119430069391152;0.8506925424524611;0.6787168924916188;0.7890024439013552;0.774051879783418;0
0.7354227146971086;0.8567814010336899;0.6691846446695512;0.7820706509664519;0.7703193904780858;0
0.6928390694343818;0.8393495280575647;0.6583961896202138;0.7718862475005555;0.7530663150733821;0
0.7083451344254129;0.8429007411713414;0.6681419517315993;0.784656742946012;0.7657037718139171;0
0.695293973632052;0.8334991559813534;0.6573868779723323;0.7718862475005555;0.7530663150733821;0
0.699756900779031;0.8429007411713414;0.650406881710407;0.7752499444567874;0.7539551852514527;0
0.7037723177103741;0.8346617776933138;0.6609333251244752;0.7820706509664519;0.7584311106475932;0
0.7155776291121276;0.8429007411713414;0.6907421873216286;0.7951699622306154;0.7754602941021693;0
0.7326768682088592;0.8525110020532197;0.6907421873216286;0.7987380582092868;0.7806700875570614;0
0.7767592975599136;0.8698459898866816;0.7072594700909152;0.8068740279937792;0.7883723533627327;0
0.7540745145841169;0.8580073707235457;0.6874205915007141;0.8014307931570762;0.7859497276459675;0
0.7321301608688258;0.8592407931166832;0.6749778730859097;0.7951699622306154;0.7764027452597577;0
0.7546544224109846;0.8711092230929464;0.7119556822434998;0.8305043323705843;0.7982149879394956;0
0.691861968773819;0.8370019265237983;0.648930389460456;0.7794978893579204;0.7620506971746558;0
0.7224270378025842;0.8500888734866354;0.6518901446937212;0.7812086203065985;0.7625051786973507;0
0.6928390694343818;0.8387607644983026;0.647949735335182;0.7777960453232615;0.755738666426828;0
0.7365268218208381;0.8598556411374316;0.6868701151323844;0.7987380582092868;0.7825817803619969;0
0.7529171698732448;0.872379909002493;0.6963500865945306;0.8252255054432348;0.7987134824096515;0
0.7404174336744743;0.8648228678747498;0.7043556127726264;0.8285803154854476;0.7992119768798074;0
0.7835829635183593;0.8885373697174308;0.7408550617451518;0.8467407242834926;0.8218011437625521;0
0.7682446980108539;0.8794189872521511;0.735141192622168;0.8452388358142635;0.8165569053922558;0
0.7950111191867264;0.8925022078633472;0.723362950830462;0.8392846034214619;0.8155159035044831;0
0.7835829635183593;0.8762031457860553;0.7345116718782944;0.8502643856920684;0.8165569053922558;0
0.7995459732341405;0.8971713264693936;0.7538758118384856;0.8646478560319929;0.8373932088022068;0
0.7886213507950522;0.8878815318286325;0.7402157785485217;0.8467407242834926;0.8303320011443366;0
0.7950111191867264;0.894499532342869;0.7364032258293085;0.8477449455676517;0.8228584113048213;0
0.7529171698732448;0.8736505949120394;0.7125470979298404;0.8368273716951788;0.8083035209401166;0
0.8313871719361451;0.905972969045197;0.7950960365544021;0.8849411241946235;0.861041556833632;0
0.8894152433970257;0.9370395626753716;0.805546584771235;0.8926549655632082;0.877555980163556;0
0.8651059278042834;0.9348559206138046;0.8108754668460019;0.8982448344812264;0.8817831367262213;0
0.8767003105379907;0.93558255918378;0.7820508803291774;0.8816796267496112;0.8598857385611784;0
0.8830119971351889;0.9348559206138046;0.8257011684868655;0.9061852921572984;0.8842162872782489;0
0.910882435582323;0.9563905067465596;0.8410784487084668;0.9212974894467896;0.9144924111153742;0
0.8806345008384864;0.9563905067465596;0.829693066910749;0.9154276827371696;0.9009976587025558;0
0.8902222084099012;0.9473652830723024;0.864811916112818;0.924856698511442;0.9217220161374428;0
0.895094728031125;0.9526082598310472;0.8108754668460019;0.8971206398578093;0.8817831367262213;0
0.8735782068410322;0.9341292820438294;0.79215958524062;0.8854876694067985;0.8651117976705669;0
0.8392090089588414;0.9219590175846534;0.7856314960659677;0.8805954232392802;0.8627810250615464;0
0.802816962470163;0.9100905876083902;0.7598855462635551;0.8688469229060208;0.8406922662553689;0
0.8216405153492781;0.9052910466949124;0.7673618530269036;0.8746811819595646;0.8462484224707146;0
0.8894152433970257;0.9370395626753716;0.8257011684868655;0.8993690291046434;0.8805708670646331;0
0.842089948632355;0.9262182375102008;0.7694264543259711;0.8736147522772717;0.8501818404492383;0
0.7898910560168475;0.901214417999769;0.7479603953037564;0.8630837591646301;0.8362986259349163;0
0.8886097160236343;0.9392343837918607;0.8596141973146012;0.9171828482559432;0.910596308461872;0
0.936082818097756;0.968691193513167;0.8435588990031748;0.9160097756054212;0.9035379712136188;0
0.8493794996360919;0.9226670243964242;0.7950960365544021;0.8887847145078871;0.8651117976705669;0
0.8567963715866325;0.9226670243964242;0.7694264543259711;0.8714907798267052;0.8468081523460336;0
0.8689365182094618;0.9341292820438294;0.7973125857068559;0.8849411241946235;0.8612577943581142;0
0.048961294802813;0.1849388319378146;0.0640416900821195;0.1699222395023328;0.1281006403883855;1
0.0382799703832788;0.1609336746671436;0.0532661466638471;0.1512108420351033;0.1127793506559364;1
0.0335196540311596;0.1522102854757992;0.0496497877532549;0.1438124861141968;0.1064596654824632;1
0.0317069254205087;0.1440495753822305;0.0475102360104445;0.1396934014663408;0.1023243620275425;1
0.0309660468976644;0.1401257271043639;0.0466958584998605;0.136596311930682;0.101874664520876;1
0.0303191203614126;0.1399505885772416;0.0459491883229098;0.1353610308820262;0.1004748614309757;1
0.0303191203614126;0.1389146628210717;0.0457054419218301;0.1345523217062875;0.1000404727755999;1
0.0304098825854;0.1387432506455904;0.0457863758043591;0.1356365252166185;0.1001122330160255;1
0.0305930468409113;0.1392612135236753;0.0457054419218301;0.1352277271717396;0.1001122330160255;1
0.0307784237134409;0.1394326256991567;0.0456248229571319;0.1353610308820262;0.1004748614309757;1
0.0237271052963885;0.1321625136477628;0.0431108339134382;0.1304821150855365;0.0962783225708919;1
0.0307473684542744;0.1392612135236753;0.0457459088630946;0.1361830704287936;0.1008394034523373;1
0.0307473684542744;0.1390860749965531;0.0455043668868309;0.1359075760942013;0.1006202955182381;1
0.0282920037627068;0.1370477606489814;0.0453447035465888;0.1352277271717396;0.0994654340489902;1
0.0312518114397893;0.1403008656314862;0.0460720062769422;0.1361830704287936;0.1016507725707484;1
0.0314452525712996;0.1403008656314862;0.0463195316919921;0.1364585647633859;0.1012068158833159;1
0.0314128495251167;0.1417094265517459;0.0464442391530095;0.1354987780493223;0.1018000338708334;1
0.0317069254205087;0.1411765582670974;0.0463195316919921;0.1377116196400799;0.101502468073869;1
0.0319060497206043;0.1422422948363945;0.0465697339086042;0.1361830704287936;0.1018000338708334;1
0.0320738941303639;0.1426000245939208;0.0471639838554224;0.1374316818484781;0.1022487745742943;1
0.0321415305754638;0.1433229368122552;0.0470781687465152;0.1382714952232837;0.102398992677585;1
0.0323461471076507;0.1442321666126345;0.0471209975715111;0.1379915574316818;0.103005605909982;1
0.0277254165641833;0.1399505885772416;0.0457054419218301;0.1356365252166185;0.1013541635769896;1
0.032518652614175;0.1447836666554876;0.0475538521300176;0.1382714952232837;0.1030811933632302;1
0.0333364223862975;0.1449662578858916;0.0475102360104445;0.1378493668073761;0.1033108261325918;1
0.032975889359445;0.1457078018624305;0.047685172865483;0.1394090202177293;0.103849506337386;1
0.0324149291717144;0.1458941194444755;0.047685172865483;0.1385558764718951;0.104315469498549;1
0.0301094159332393;0.1442321666126345;0.0469926685554388;0.1386980670962008;0.1036945042180669;1
0.0333000096737413;0.1460804370265204;0.0479945796342953;0.1396934014663408;0.1045489294807333;1
0.0345318196172624;0.1472095215737128;0.0482178563763696;0.1402710508775827;0.1054167499882791;1
0.0347878429925615;0.1477796533747703;0.0485340338785453;0.1405598755832037;0.1052579206561373;1
0.0347086717369141;0.1479696973084562;0.0484433375432598;0.140128860253277;0.1054167499882791;1
0.0347680192918639;0.1513122347303425;0.0487165287615242;0.1417285047767162;0.1058961083943215;1
0.0351082007347708;0.1515097313673102;0.048854305312522;0.1418751388580315;0.1062175942714278;1
0.0310607289355574;0.1468294337063411;0.0479945796342953;0.1408531437458342;0.1058157369250449;1
0.0355791512129313;0.1524115084644077;0.0492254359761815;0.1426171961786269;0.1060568513328747;1
0.0357249929996503;0.154133082922503;0.0493662042465724;0.1423194845589868;0.1068663068448744;1
0.035745917393078;0.1547516572948923;0.0495548400272529;0.1432126194179071;0.1074394319650728;1
0.0354963409323399;0.152512119958712;0.0492723587329784;0.142914907798267;0.1075217170407607;1
0.0360628719730711;0.1535219612533956;0.0499365204382459;0.1441146411908464;0.1081847816622924;1
0.0362127009630466;0.1548522687891965;0.0499847028663663;0.1441146411908464;0.1088564575126752;1
0.036407175397936;0.1549566066351417;0.0501295650685583;0.1448744723394801;0.1086038614663774;1
0.0363854647954156;0.156309272280788;0.050275372024243;0.1453365918684736;0.1084354641021789;1
0.036846902143553;0.1557875830510622;0.0505693478193436;0.1448744723394801;0.1098773665331288;1
0.0367802653071569;0.1562049344348428;0.0505693478193436;0.1461053099311264;0.1095348309854977;1
0.0308407139367096;0.1479696973084562;0.0491322202982492;0.1433636969562319;0.1071925767380091;1
0.0290750792507189;0.1457078018624305;0.0483077654170779;0.1418751388580315;0.1067840217691865;1
0.0369584876769418;0.157047089905686;0.0507671162171188;0.1457987113974672;0.110134746595455;1
0.0371837028873607;0.158004762277397;0.0509165447278582;0.1456431904021328;0.1099634788216394;1
0.0374806091354868;0.1589698873523899;0.0510166885980692;0.1473539213508109;0.110568178447625;1
0.0313805138682847;0.1533170119131462;0.0496497877532549;0.1438124861141968;0.1086038614663774;1
0.0376656939874962;0.1583252285185143;0.0513700264042855;0.1467273939124639;0.1110915498011284;1
0.0381364422976044;0.1592940799451481;0.0519871078938405;0.1475138858031548;0.1113546706826886;1
0.0379703500109659;0.1604939651735175;0.0519351464517499;0.1483048211508553;0.1111786188928447;1
0.0386680319599387;0.1602741104267045;0.0520915031547681;0.1475138858031548;0.1117077310655821;1
0.0384487919386252;0.1611535294139566;0.0523539871667834;0.1492601644079093;0.1127793506559364;1
0.0387909052095888;0.1607138199203306;0.0527257476661045;0.1492601644079093;0.1128692901572697;1
0.0389891534481238;0.1614851747099966;0.0529946874936524;0.1495845367696067;0.112959229658603;1
0.0387662744018664;0.1631657593000421;0.0530486959016436;0.1499089091313041;0.1133218580735532;1
0.0392145932897121;0.1629384518499472;0.0531571850943722;0.150228838035992;0.1138701063104041;1
0.0330115944838177;0.1590779515499759;0.0514719023225662;0.1481448566985114;0.1111786188928447;1
0.0291864963107306;0.152512119958712;0.0495548400272529;0.1442701621861808;0.1086880601484767;1
0.0319394748386078;0.1565179479726784;0.0508168732343934;0.1470428793601421;0.1112666447877667;1
0.0348275690148661;0.1602741104267045;0.0519871078938405;0.1499089091313041;0.1125095321519365;1
0.0393663428761858;0.1630502423991742;0.0534303763126365;0.1510464341257498;0.114793421403879;1
0.0407594829255545;0.1644140870997432;0.0536509762531485;0.1513752499444567;0.114793421403879;1
0.040116633445027;0.1646413945498381;0.0538175677856694;0.1518684736725172;0.1152612981714533;1
0.038741666057261;0.163389340398496;0.0538733082417303;0.1523705843145967;0.1152612981714533;1
0.0399329300747092;0.1656810466576489;0.0542667980713802;0.1525349922239502;0.1160162159007297;1
0.0404087438176869;0.166377874414497;0.0543233258220182;0.1528682514996667;0.1162066197386587;1
0.0404891505447659;0.1659120804593846;0.0542667980713802;0.1528682514996667;0.1161109394180914;1
0.0408686312107556;0.1667281514687415;0.0551876178087922;0.1542190624305709;0.1174571615284739;1
0.0411995915441594;0.168147891443924;0.0552461925253308;0.1550722061764052;0.1181412758205305;1
0.0329402628559815;0.1621521916537175;0.0533755806100682;0.1520373250388802;0.1153550648856094;1
0.040923418752967;0.1691018374639941;0.0557790334951328;0.1552455009997778;0.1186340294714523;1
0.0418204496332048;0.1689825942114853;0.0560794651057659;0.1562808264830038;0.1192310746717925;1
0.0419353484763419;0.1706743578564535;0.0564441399538928;0.1571517440568762;0.1193305822051826;1
0.0422838412725158;0.1720270235020998;0.056689933320873;0.1573294823372583;0.120747607752785;1
0.0422545830627042;0.1710432666689025;0.0568135385694826;0.1576805154410131;0.1204414307269695;1
0.0424898168232774;0.1714084491297105;0.0582205914377305;0.1580359920017773;0.1211580763280189;1
0.0426084108491508;0.1723996586661897;0.0586132939728033;0.1582137302821595;0.1215714153128698;1
0.0430287631564089;0.1736479864658908;0.0588116922062403;0.1587469451233059;0.121779041608501;1
0.0428475981183051;0.1733983209059506;0.0588779824096347;0.159462341701844;0.1214680805666571;1
0.0433341155365036;0.17327162495016;0.0591116514401271;0.1596445234392357;0.1221962078061746;1
0.0435194025565655;0.1740243479816216;0.0587784683750854;0.1598267051766274;0.1228267411187134;1
0.0438003375285488;0.1761930846366248;0.0595163208527722;0.1603688069317929;0.1233568100946565;1
0.043894783703714;0.1751683379353776;0.0596865339403479;0.160915352143968;0.1237845011275925;1
0.0435194025565655;0.1751683379353776;0.0593470525186891;0.1605509886691846;0.1233568100946565;1
0.0440213409045418;0.1752950338911681;0.0597207025249954;0.1607331704065763;0.1236773391685571;1
0.0441167529937354;0.1741510439374122;0.0597891971532057;0.1607331704065763;0.1234639720536919;1
0.0436750270307109;0.1763235069440563;0.0600299518348923;0.1607331704065763;0.1235701772095217;1
0.0441805819405143;0.1759359663734027;0.0600299518348923;0.1612797156187514;0.1242141057669399;1
0.0444054489726207;0.1756788481101807;0.0602029991829456;0.1607331704065763;0.1241069438079045;1
0.0445674754350934;0.1761930846366248;0.0600299518348923;0.1616485225505443;0.123891663086628;1
0.0443409685954506;0.1759359663734027;0.0605875138544163;0.1616485225505443;0.1242141057669399;1
0.0442766679232159;0.1767110475147097;0.0605171297192208;0.1612797156187514;0.1249738075122446;1
0.0444701202862847;0.1769718921295727;0.0609411665784634;0.1627638302599422;0.1248647319467979;1
0.0448621016768503;0.1772327367444356;0.0607638678396936;0.1623905798711397;0.1254120233804431;1
0.0450606980936979;0.1767110475147097;0.0607638678396936;0.1636969562319484;0.1250828830776914;1
0.0449611864856632;0.1769718921295727;0.061012338008236;0.1627638302599422;0.1250828830776914;1
0.0450274751437468;0.1774935813592985;0.0608345668927199;0.1629504554543434;0.1253019910117906;1
0.0451606589640713;0.1778848482815929;0.0611195675296412;0.1627638302599422;0.1249738075122446;1
0.041479504444322;0.1749149460237964;0.0602377976032548;0.160915352143968;0.124322224529181;1
0.045633024618599;0.1774935813592985;0.0612271119688773;0.1631370806487447;0.1249738075122446;1
0.0451606589640713;0.1777544259741614;0.0614070875092093;0.1631370806487447;0.1253019910117906;1
0.0453956119356828;0.1782798415555282;0.0613349713259442;0.1627638302599422;0.125632088117748;1
0.0459419374027283;0.178544412522032;0.0614431456008419;0.1638880248833592;0.1264070987143435;1
0.0357249929996503;0.1701899321431366;0.0584818157784225;0.1587469451233059;0.121779041608501;1
0.044994308351588;0.1786748348294635;0.0612630126015944;0.1633237058431459;0.1262961095424854;1
0.0460111462660139;0.1793381254215435;0.0618068756954763;0.1646434125749833;0.1266309906644711;1
0.0469302471586431;0.1806758856606262;0.0617703452270974;0.1644567873805821;0.1266309906644711;1
0.0461851006435806;0.1793381254215435;0.0622117025670369;0.1646434125749833;0.1270797313679319;1
0.0462901044837066;0.1820322776579134;0.0625096148350232;0.1654076871806265;0.1269668285896625;1
0.0467149157196768;0.1810820579894842;0.0632665198414766;0.1652166185292157;0.1275313424810098;1
0.0472935880751129;0.1820322776579134;0.0627724137648694;0.1654076871806265;0.1279867808069104;1
0.0467864719786824;0.1818944026472002;0.0627724137648694;0.1661808487002888;0.1282154567730663;1
0.0469663341560038;0.1832694264026919;0.0636129294554141;0.1663719173516996;0.1287895386964704;1
0.0455309746783503;0.1821701526686267;0.063151732292131;0.1659853365918684;0.1281006403883855;1
0.0466792105953041;0.1818944026472002;0.0629235743236785;0.1657942679404576;0.1279867808069104;1
0.0478117897197522;0.1832694264026919;0.0638070762981346;0.1677405021106421;0.1298362814034772;1
0.0484949268005078;0.1841004028186123;0.0639242257312116;0.168526994001333;0.129953968197775;1
0.0474404968598865;0.1846593555647472;0.0637681839460243;0.1681315263274828;0.1300716549920728;1
0.0442766679232159;0.1823043013276991;0.0636905567007192;0.16656742946012;0.1286747223117896;1
0.0481889229900219;0.1846593555647472;0.0643570802897181;0.168526994001333;0.1310188901656896;1
0.0481130201178889;0.185218308310882;0.0646354676521915;0.1693223728060431;0.1308992897649804;1
0.0484180692459049;0.1855015110355903;0.064715456781228;0.1693223728060431;0.1311384905663987;1
0.0488829434509338;0.1857847137602987;0.0653626129236294;0.169522328371473;0.1319795205841857;1
0.0490005603312204;0.1866343219344236;0.0652810492054386;0.1697222839369029;0.1323431058023416;1
0.048961294802813;0.1855015110355903;0.0654852734187464;0.170935347700511;0.1327076478237032;1
0.0494767222525106;0.1876367105258254;0.0660225232381803;0.1715441013108198;0.1334443862920718;1
0.0495168189162446;0.1882142950301648;0.0658978157771628;0.1723661408575872;0.1335678139056037;1
0.0496375020119933;0.1874951091634713;0.0658978157771628;0.1715441013108198;0.1334443862920718;1
0.049316975796407;0.1877820382398205;0.065608563749525;0.1717485003332592;0.1335678139056037;1
0.0446326072426547;0.1849388319378146;0.0649163743573117;0.169522328371473;0.1314972917685263;1
0.0495569829693295;0.1879273659538156;0.0659392274719199;0.1715441013108198;0.1331984878682137;1
0.0496778570015721;0.1876367105258254;0.0657321689981345;0.1717485003332592;0.1335678139056037;1
0.0496375020119933;0.1895259708077612;0.0662314712189508;0.1711353032659409;0.1338156259358731;1
0.0496778570015721;0.1895259708077612;0.0662733552904542;0.1713397022883803;0.1340643947693482;1
0.0441486393882286;0.1843798791916798;0.0645556359820704;0.1701266385247722;0.1321000777881006;1
0.0379467412750642;0.1780152705890244;0.062027003259242;0.1663719173516996;0.1287895386964704;1
0.0492374900571224;0.1883596227441598;0.0661895871474475;0.1715441013108198;0.1336921983223412;1
0.0495569829693295;0.1879273659538156;0.0661059764633562;0.1721617418351477;0.134314120406029;1
0.0503326119340767;0.191597822320101;0.0670804896909286;0.1729837813819151;0.1349408265057451;1
0.0507085321960317;0.1908525519919212;0.0671234759748399;0.1746589646745167;0.1359559947069646;1
0.0509198202739491;0.1924958730655577;0.0673826533496313;0.1742368362586092;0.1358287398806101;1
0.0507085321960317;0.1920449845170089;0.0677314248473002;0.1748678071539658;0.1368563465235034;1
0.039265056681913;0.1812162066485566;0.0636129294554141;0.1693223728060431;0.1313776913678171;1
0.0764176481523148;0.1765806252072783;0.0506680745593157;0.1510464341257498;0.1104811093559087;1
0.0741036887818711;0.1733983209059506;0.0491788281372153;0.1487802710508775;0.1086038614663774;1
0.072608532486929;0.1705551146039447;0.0487625067648286;0.1465718729171295;0.1070289633898389;1
0.0711310658965756;0.1691018374639941;0.0481282622534921;0.1454876694067985;0.1056559507896975;1
0.0698318329075655;0.1667281514687415;0.047905772805995;0.1447233948011553;0.1053373353222082;1
0.0693567492158884;0.1662623575136291;0.0469926685554388;0.1430659853365918;0.1048637177353999;1
0.0687718995032944;0.1657965635585167;0.0469499971893583;0.1427638302599422;0.1042370116356837;1
0.0695934767737379;0.1652189790541774;0.0465278498371008;0.1417285047767162;0.1037720052777264;1
0.0663353813668377;0.1647569114507059;0.0466958584998605;0.1411419684514552;0.103005605909982;1
0.0674448234808399;0.1641867796496484;0.0464442391530095;0.1409953343701399;0.1034639146454996;1
0.0657647395757069;0.1629384518499472;0.046278119997235;0.1409953343701399;0.1031577376196841;1
0.0675192774819304;0.163389340398496;0.0461131030538684;0.140706509664519;0.1026257550373296;1
0.065413034553811;0.1627148707514933;0.0459899701820051;0.140128860253277;0.1028534742002799;1
0.0649959281669504;0.1627148707514933;0.046278119997235;0.140706509664519;0.1032342818761379;1
0.0653431517970173;0.1613733841607697;0.0464859657655975;0.1402710508775827;0.1030811933632302;1
0.0639760128055041;0.1623757727521715;0.0465697339086042;0.1405598755832037;0.1034639146454996;1
0.0646523660249444;0.1621521916537175;0.0470353399215193;0.1412886025327705;0.1033108261325918;1
0.0641774283435274;0.1622639822029445;0.0465697339086042;0.1417285047767162;0.103005605909982;1
0.0639760128055041;0.1613733841607697;0.0466116179801075;0.140706509664519;0.1032342818761379;1
0.0650650696408851;0.1614851747099966;0.0467380574891947;0.1408531437458342;0.1030811933632302;1
0.0597266986690457;0.1588618231548038;0.0458270002045391;0.1391246389691179;0.1020985564710036;1
0.0631175960232825;0.1610417388647297;0.0467802564785289;0.140417684958898;0.1030811933632302;1
0.0631828176833115;0.1612653199631836;0.0469074832821933;0.1426171961786269;0.1030811933632302;1
0.0634450184157686;0.1617087558084506;0.0470353399215193;0.142914907798267;0.1033108261325918;1
0.0628580796332995;0.1608218841179166;0.0467380574891947;0.1424661186403021;0.1034639146454996;1
0.0631175960232825;0.1612653199631836;0.0468649693750282;0.1427638302599422;0.1037720052777264;1
0.0627935318667785;0.1612653199631836;0.0470353399215193;0.1421728504776716;0.1037720052777264;1
0.0630525203735135;0.1618205463576776;0.0471639838554224;0.1438124861141968;0.1040045084567051;1
0.0631828176833115;0.1615969652592236;0.0472499564232451;0.142914907798267;0.1042370116356837;1
0.0630525203735135;0.1622639822029445;0.0475102360104445;0.1427638302599422;0.1042370116356837;1
0.0636431094124851;0.1638439552986857;0.0475538521300176;0.1438124861141968;0.1043929705582085;1
0.0623453814523099;0.1639594721995536;0.0474666198908715;0.1435147744945567;0.104784303069329;1
0.0632481628904838;0.1637321647494587;0.0474666198908715;0.1439635636525216;0.1051000481272012;1
0.0631828176833115;0.163277549849269;0.047685172865483;0.1438124861141968;0.1051000481272012;1
0.0628580796332995;0.1641867796496484;0.0475974682495906;0.1435147744945567;0.1050206334611303;1
0.062922762178522;0.1640712627487805;0.047685172865483;0.1438124861141968;0.1051000481272012;1
0.0629875682708877;0.1622639822029445;0.047905772805995;0.1439635636525216;0.1063792940131866;1
0.0619663051224251;0.1652189790541774;0.0479501762201452;0.1441146411908464;0.1057353654557684;1
0.0632481628904838;0.1656810466576489;0.0481731380443886;0.1447233948011553;0.1058961083943215;1
0.0631175960232825;0.165565529756781;0.0482628896261815;0.1464163519217951;0.1063792940131866;1
0.0612217875746369;0.166377874414497;0.0482178563763696;0.1444212397245056;0.1051000481272012;1
0.0630525203735135;0.1679094049389064;0.048625202590577;0.1451810708731393;0.1069476351173566;1
0.0628580796332995;0.1666126345678736;0.0484886857109026;0.1462608309264607;0.1071925767380091;1
0.0635769443015447;0.1675516751813801;0.048854305312522;0.1476694067984892;0.1071112484655268;1
0.0644479628923684;0.1683826515973006;0.0489928691580971;0.1468829149077982;0.1069476351173566;1
0.0635109139693058;0.1677901616863977;0.048854305312522;0.1470428793601421;0.1076040021164486;1
0.0599609889787075;0.1657965635585167;0.0485340338785453;0.1465718729171295;0.1067026934967042;1
0.0633792688724915;0.1686211381023181;0.04931912403086;0.1473539213508109;0.1077695290710302;1
0.0634450184157686;0.1671976717754947;0.0492254359761815;0.1476694067984892;0.1075217170407607;1
0.0640430090517713;0.1695825368256701;0.0493662042465724;0.1484603421461897;0.1079350560256117;1
0.0640430090517713;0.1689825942114853;0.0498406279587514;0.1481448566985114;0.1086880601484767;1
0.0639760128055041;0.1693440503206525;0.0501780624145096;0.1486203065985336;0.1091942090442779;1
0.0639091513379386;0.1701899321431366;0.0500812251815225;0.1479848922461675;0.1089406561947745;1
0.0635109139693058;0.1697055064298197;0.0500328852944867;0.1491001999555654;0.1091942090442779;1
0.0641101513082985;0.1700669625389869;0.0499847028663663;0.1494245723172628;0.1093645200148878;1
0.0639091513379386;0.1705551146039447;0.0503729965518072;0.150228838035992;0.1103940402641925;1
0.0645159587473393;0.1700669625389869;0.0503729965518072;0.150228838035992;0.1102218156871712;1
0.0641101513082985;0.1714084491297105;0.0504709359972022;0.150228838035992;0.1106542907361356;1
0.0643124092132069;0.1720270235020998;0.0509165447278582;0.1507176183070429;0.1100486343069443;1
0.0643801242792161;0.1728952634344292;0.0505200631788152;0.1507176183070429;0.110568178447625;1
0.0641101513082985;0.1715351450855011;0.0510669179920902;0.1507176183070429;0.1109164548144902;1
0.0627935318667785;0.1693440503206525;0.0505693478193436;0.1499089091313041;0.1103940402641925;1
0.0644479628923684;0.1716581146896508;0.0511171473861111;0.1512108420351033;0.1111786188928447;1
0.0645159587473393;0.1722729627103991;0.0511675342390475;0.1518684736725172;0.1118847396586317;1
0.0593786551352106;0.1695825368256701;0.0499847028663663;0.1507176183070429;0.110134746595455;1
0.0600198535766431;0.1700669625389869;0.0503729965518072;0.1510464341257498;0.1106542907361356;1
0.0648580607867443;0.1727722938302796;0.0513193246335183;0.1517040657631637;0.1119737223567593;1
0.0656940930729374;0.1727722938302796;0.0513193246335183;0.1530371028660297;0.1125095321519365;1
0.0652734038189253;0.1736479864658908;0.0516767563715356;0.1532059542323928;0.1126884543513974;1
0.0648580607867443;0.1740243479816216;0.0518315384853995;0.1533748055987558;0.113050125963142;1
0.0652734038189253;0.1735212905101002;0.0518315384853995;0.1532059542323928;0.112959229658603;1
0.06604883061562;0.1755521521543902;0.0517798919611397;0.1537080648744723;0.1133218580735532;1
0.0656236038119864;0.1754254561985996;0.0519351464517499;0.1542190624305709;0.1135036506826312;1
0.065413034553811;0.1761930846366248;0.0521437795146895;0.1547300599866696;0.1135955037903759;1
0.0656940930729374;0.1761930846366248;0.0523012384301157;0.154556765163297;0.1133218580735532;1
0.0647207886791371;0.1737746824216814;0.0518833424685747;0.1540502110642079;0.1135036506826312;1
0.0658355320887366;0.1760663886808342;0.0526723690937751;0.1550722061764052;0.1142375187413827;1
0.066191797123371;0.1773631590518671;0.0525657694080316;0.1555876471895134;0.1149799980289854;1
0.0645159587473393;0.1761930846366248;0.0528868281365855;0.1552455009997778;0.114514991671028;1
0.0663353813668377;0.1763235069440563;0.0527257476661045;0.1555876471895134;0.1154488315997653;1
0.0663353813668377;0.1773631590518671;0.0531028617685502;0.1564541213063763;0.1154488315997653;1
0.0651343683566384;0.1761930846366248;0.0525657694080316;0.1569784492335036;0.1150737647431413;1
0.0677436278623472;0.1778848482815929;0.0534303763126365;0.1564541213063763;0.1160162159007297;1
0.0673705379531264;0.1774935813592985;0.0529946874936524;0.1571517440568762;0.115921492383368;1
0.0678940184302461;0.1781456928964558;0.0532116658791096;0.1569784492335036;0.1161109394180914;1
0.0674820336340474;0.1771023144370041;0.0535404400945194;0.1575072206176405;0.1165883842177224;1
0.0675565662560472;0.1796026963880473;0.0534853294741202;0.1576805154410131;0.1166840645382898;1
0.0677811637307503;0.178544412522032;0.0538733082417303;0.1580359920017773;0.1175547554554526;1
0.0680450828916532;0.1800051423652644;0.0542667980713802;0.1583914685625416;0.1169730191064032;1
0.0680829557068104;0.1805417370015538;0.0539851040716828;0.1585692068429238;0.1176513925792257;1
0.068387443256903;0.1809441829787709;0.0540411594455745;0.1591068651410797;0.1177489865062043;1
0.0677436278623472;0.1810820579894842;0.0542101128618268;0.158924683403688;0.1179451311633674;1
0.0877606012181366;0.2188039156503042;0.0827996132179201;0.2084647856031992;0.1568803240118375;1
0.08172502002278;0.2090110635380218;0.078650098419695;0.2003954676738502;0.1504400816344495;1
0.0774821415693243;0.2050723098535916;0.0756479867381803;0.1948944678960231;0.1472567973691739;1
0.0768495689647959;0.2042338807343894;0.0755391826276208;0.1950188846922906;0.1459306681261105;1
0.0724365885583282;0.198528836372173;0.0722618327619411;0.1910019995556543;0.1426421355082108;1
0.0722654533019372;0.1974221099348261;0.0725117200607224;0.1895312152854921;0.1416690666480409;1
0.0719678956234199;0.196170055783484;0.0724616481256169;0.1908775827593868;0.1432047357931468;1
0.0746461842874787;0.1975786167037438;0.0746792994904786;0.1931170850922017;0.1447710226408342;1
0.0727380323560758;0.198051863362138;0.0738386263410185;0.1926149744501221;0.1439127701653451;1
0.0717568546397888;0.1986890694927317;0.0736314104083177;0.1923661408575872;0.1443404611982812;1
0.0681968212465684;0.191746876385737;0.0711826093556104;0.1888024883359253;0.1416690666480409;1
0.0706790405944351;0.1969525896280728;0.0734766282944538;0.1917440568762497;0.1430631289187071;1
0.0686561133670382;0.1927977075484705;0.0717182845858901;0.1884425683181515;0.1412566844663956;1
0.0682348625351026;0.1930995420313833;0.071865666130729;0.1898955787602755;0.1422240125073315;1
0.0729984135760609;0.2024116947819898;0.0760865098176421;0.1974805598755832;0.1474051018660533;1
0.0696330904804578;0.1960135490145663;0.072965674113896;0.1917440568762497;0.1423637057753598;1
0.0725654706917592;0.1958607685972894;0.0741516546648857;0.1937480559875583;0.1439127701653451;1
0.0699116443620457;0.1971090963969906;0.0749458774342951;0.194636747389469;0.1462234499070465;1
0.0698318329075655;0.1950856874559824;0.0735281173597981;0.1912463896911797;0.1430631289187071;1
0.0715888979144444;0.1996467418644427;0.0761968885173558;0.1977427238391468;0.1501319910022226;1
0.0743739537733089;0.2049046240297511;0.0793029230830518;0.2021550766496334;0.1537573183485193;1
0.0781751062637401;0.2104121717549998;0.0814531820321112;0.208318151521884;0.1577223108328302;1
0.0795988523099367;0.2107661751608852;0.0822173301486742;0.2102066207509442;0.1584016411088583;1
0.0829997457512109;0.2173021959390219;0.085282267937444;0.2139169073539213;0.1633196095860199;1
0.0833388377329463;0.2203279934714319;0.086331259232013;0.2168184847811597;0.1657020495681468;1
0.0866424434147626;0.2228395544773978;0.088285166913536;0.2197911575205509;0.1683437832190113;1
0.0875722367510542;0.2272068386005313;0.0900200492437012;0.2217062874916685;0.1753466258813353;1
0.0904851975977628;0.2321517072280042;0.0915844035684599;0.2259631193068207;0.1780773422303274;1
0.0918429133117205;0.2302773523526321;0.0923869716603869;0.2274694512330593;0.1792570805829227;1
0.0943194944172359;0.2403906707060318;0.1031294487064199;0.2422661630748722;0.1923040490954861;1
0.0894929455648254;0.2284253555871053;0.0891066300753141;0.2183736947345034;0.1691130529963727;1
0.0833388377329463;0.2174885135210669;0.0849382202072379;0.2128682514996667;0.1631387737801476;1
0.0837379623946981;0.2191840035176759;0.0862605601789867;0.2165118862475005;0.1657020495681468;1
0.0841409170178878;0.2212856658431429;0.0874060737887118;0.2169740057764941;0.1664493128717778;1
0.0843148040061037;0.2209018516241303;0.0864021157439548;0.2165118862475005;0.1649624406901612;1
0.0828873178509369;0.2180511926188426;0.0855595530875095;0.2155876471895134;0.1633196095860199;1
0.0792380834203563;0.2143546517910709;0.0829956495676256;0.2107931570762053;0.1601248436822762;1
0.0795988523099367;0.2152676079430911;0.0839222952849085;0.2121217507220617;0.1624202145726869;1
0.0795471197516289;0.2167432431928871;0.0837887701246271;0.2116774050211064;0.161353378998361;1
0.07772821378382;0.2116530468514191;0.0814531820321112;0.2087536103088202;0.159431161358163;1
0.0765132062517684;0.2104121717549998;0.0812643887925152;0.2077449455676516;0.1580610191676386;1
0.0758492302097609;0.2081428236056923;0.0799664549526576;0.2058964674516774;0.1565454428898518;1
0.074783052058981;0.2077999992547296;0.0799664549526576;0.2061808487002888;0.1567128834508447;1
0.0725224650543816;0.2052399956774321;0.0785324766098717;0.2047767162852699;0.1552221840564054;1
0.0737463904438576;0.2067677998502006;0.0799056758113031;0.2060386580759831;0.1568803240118375;1
0.072608532486929;0.2042338807343894;0.0787678776884338;0.2043590313263719;0.1537573183485193;1
0.0715052228038509;0.2035668637906684;0.0777192013116957;0.2024261275272161;0.1526369017946757;1
0.0699516174786366;0.2009397858838347;0.0766977653273263;0.2007998222617196;0.1513739215631868;1
0.0708427517906782;0.2002914006983183;0.0768660889079169;0.2010708731393024;0.152955517262165;1
0.069004651089446;0.1991660425027668;0.0764187481291912;0.2002621639635636;0.151217962640662;1
0.0673705379531264;0.198051863362138;0.0754305359759768;0.1981337480559875;0.151217962640662;1
0.0692389863253417;0.1996467418644427;0.0761968885173558;0.200128860253277;0.151217962640662;1
0.0690436021342162;0.2009397858838347;0.0766418674123501;0.200666518551433;0.1515308372889172;1
0.068694671307262;0.2009397858838347;0.0774899411308353;0.2020173294823372;0.1539190180902782;1
0.0715888979144444;0.2040661949105489;0.0784739018933332;0.2042212841590757;0.1545677306637248;1
0.0686561133670382;0.1991660425027668;0.0762523140555858;0.2007998222617196;0.1509060447956124;1
0.0674448234808399;0.1990058093822081;0.0758119014691389;0.1998578093756942;0.1505950837537686;1
0.0675565662560472;0.1986890694927317;0.0764743311263366;0.1994578982448344;0.1501319910022226;1
0.0661202408643654;0.1963265625524018;0.0752143448850967;0.1982670517662741;0.1495177233441803;1
0.6213224802933602;0.9541174322456112;0.4992614389571937;0.8849411241946235;0.8077925880282869;1
0.5135606186697322;0.8580073707235457;0.4172259738558366;0.7735658742501667;0.7058662561343045;1
0.4715924178848686;0.8108615697628923;0.3805074995319534;0.7313263719173517;0.6639458372841333;1
0.4344197331563659;0.7581970420220675;0.3443681590990075;0.6839235725394357;0.6115962634921212;1
0.3990740186546527;0.7096277747345906;0.3191802436928651;0.6595867584981115;0.5983454958967495;1
0.436352055401594;0.7645355661632366;0.3386426380162822;0.6754054654521218;0.6051875956205204;1
0.4060113030585701;0.7178071165863638;0.3106006223091255;0.6421061986225284;0.5739919839027429;1
0.4020178999818262;0.7169388766540343;0.3081378074129453;0.6415196622972673;0.5698652916766732;1
0.3898745635963917;0.691763644968121;0.2847345313542427;0.6070517662741614;0.537473675951804;1
0.3942621494491611;0.6966600710242623;0.2937380321383094;0.6156009775605421;0.5477019022204532;1
0.3920560916609283;0.6897439623787538;0.2889708060148676;0.6139791157520551;0.5444066719801138;1
0.3904953542960863;0.6893415164015367;0.2860689956624792;0.6075805376582981;0.5361083177773078;1
0.4053402399031687;0.7104811092603565;0.2957708267364609;0.6249411241946234;0.554898975933529;1
0.4033403036759577;0.703714054680484;0.2905427183675667;0.6172272828260387;0.5434718752481709;1
0.4076987324029417;0.7113344437861223;0.2974175320739874;0.627740502110642;0.5568489408666915;1
0.4066846125256654;0.7087781665604657;0.2974175320739874;0.6243856920684292;0.5496030701901263;1
0.4184821067627246;0.7143416095603278;0.3033274375466767;0.635134414574539;0.5622835830749168;1
0.4063476657715976;0.7134808223312801;0.3065909310277989;0.6391824039102422;0.5642861721843913;1
0.4253777445478393;0.7306518506925425;0.3191802436928651;0.6534547878249278;0.5829581867431088;1
0.4390863558477373;0.7402323007612936;0.3170501394849802;0.6504332370584315;0.5792333518634221;1
0.4348048408331484;0.7243953062874732;0.3128736992122173;0.6409331259720062;0.5739919839027429;1
0.4328861312367847;0.7388460979508792;0.3194186364908202;0.6492290602088425;0.5818894375623717;1
0.436352055401594;0.7425463651302919;0.3198966817580539;0.6546722950455455;0.5824233337511374;1
0.4458716997286871;0.7519554030235617;0.3287505965724658;0.6658253721395245;0.5944235595566939;1
0.4434530510017545;0.7505319366967383;0.3287505965724658;0.6670873139302377;0.5938676568941976;1
0.4434530510017545;0.7462838958261135;0.3284980324721223;0.6620662075094423;0.5977819388086077;1
0.457943648328493;0.7630636572650815;0.341890857982608;0.6839235725394357;0.6098347887904764;1
0.4583716156323931;0.7591658934487012;0.341890857982608;0.6806220839813375;0.6104213091555541;1
0.4562398658349907;0.7655230493480748;0.3389109480081683;0.6728238169295712;0.6051875956205204;1
0.4583716156323931;0.7635555356816801;0.3427126360622171;0.6766985114419019;0.6133673062258228;1
0.4684398092751086;0.7780398645098543;0.3534740081781011;0.6879226838480338;0.6199491554776505;1
0.4644478438378487;0.7674980157177512;0.3457599384524591;0.6806220839813375;0.6139595674101347;1
0.4644478438378487;0.7694841611423504;0.3446456017079883;0.6819373472561653;0.6145537422008579;1
0.4666571812411543;0.7674980157177512;0.3429875593285511;0.6793112641635192;0.6104213091555541;1
0.4657709214254882;0.7674980157177512;0.3466004541430039;0.6845856476338591;0.6151488737947868;1
0.4657709214254882;0.7689885563741108;0.3502901889081846;0.6872517218395912;0.622376565210444;1
0.4697857543157909;0.7811029255586732;0.3514413710388651;0.6906154187958231;0.6272897496715772;1
0.4752477510516978;0.7739930466278381;0.3485775082850945;0.6885936458564763;0.6193444558516649;1
0.4693362673458645;0.7836741081908936;0.3552350286882271;0.691970673183737;0.6254383354685992;1
0.4827310239759068;0.7946519401249819;0.3591115097271032;0.6995112197289491;0.6335395882110364;1
0.4780266183218459;0.7805924153838701;0.351152748846889;0.6879226838480338;0.6193444558516649;1
0.4789601854617831;0.7857422333515924;0.3546461323445333;0.6953788047100644;0.6211604683360331;1
0.4706873339772086;0.766510532532913;0.3416178242232591;0.6786536325261053;0.608666532076349;1
0.4528699939582077;0.7625755052001237;0.3435385080736272;0.6766985114419019;0.6080838389240939;1
0.4631322689312663;0.766510532532913;0.3463198623557145;0.6793112641635192;0.6133673062258228;1
0.476633141325723;0.7862601962296774;0.3567160872467254;0.6974361253054877;0.6248240678105568;1
0.3559229775211925;0.7270633740623568;0.3250027594674928;0.6614441235281049;0.5922056897259429;1
0.4644478438378487;0.7765157866887267;0.3480103412717295;0.6825994223505888;0.6139595674101347;1
0.4688875890481477;0.7744961040993594;0.351730308148672;0.6912908242612753;0.6235984029040891;1
0.4784929526294758;0.7920136831632254;0.3579097832845709;0.6933303710286604;0.6303993600900161;1
0.4761704460430371;0.7867818854594033;0.3609292154467826;0.6946945123305932;0.6303993600900161;1
0.4706873339772086;0.7831598716644494;0.3497175108327797;0.6859186847367251;0.6157449621919213;1
0.472046262699481;0.7826456351380054;0.353766251925132;0.694010219951122;0.622376565210444;1
0.4841604419591301;0.790959125648851;0.3615392112851434;0.6988180404354588;0.6322794783891644;1
0.435577077867238;0.7878215375672141;0.3585097017523445;0.7022928238169296;0.6329090548984976;1
0.4954070956426394;0.8021381805715478;0.3668082589720484;0.7100510997556099;0.6354388425742982;1
0.4592298864043546;0.7904374364191251;0.3633814805956293;0.7043901355254388;0.6316518154862426;1
0.4904537088004393;0.7999880756747492;0.3683874144348571;0.710766496334148;0.6431478060024093;1
0.5009726473476298;0.8059316065419829;0.3805074995319534;0.71870695401022;0.655739336189072;1
0.5092949176894676;0.8175280128484604;0.3741858389954247;0.7129126860697623;0.6497143464029462;1
0.5030276182113386;0.8075712012639785;0.3732069169182204;0.7165252166185292;0.6497143464029462;1
0.493413808498042;0.801061264947328;0.3722328760673943;0.7065052210619862;0.641850380855516;1
0.5066646664009804;0.815851154610056;0.3781538036641634;0.7143523661408576;0.6483910875694998;1
0.5087667199577909;0.8097622960288271;0.3764904076816017;0.7129126860697623;0.6457589219506921;1
0.4964098042565113;0.8097622960288271;0.3735326994142371;0.711481892912686;0.6490522385846201;1
0.5056201763896041;0.8136265226804392;0.3754993612679095;0.7150766496334148;0.6503783678276835;1
0.4984274414198694;0.8037591435353388;0.3732069169182204;0.7179782270606532;0.6497143464029462;1
0.5135606186697322;0.8242987937799738;0.3888038523268412;0.7283181515218841;0.6591340739628014;1
0.5108862498195791;0.8237323883305572;0.3832334282758107;0.7194401244167963;0.6543912004722781;1
0.5056201763896041;0.8197750028879225;0.3818655826775038;0.7150766496334148;0.6550647899290721;1
0.5077135142570427;0.8180869655945953;0.37781999076346;0.7172495001110865;0.6497143464029462;1
0.5014848513400468;0.8059316065419829;0.3741858389954247;0.711481892912686;0.6444509719685365;1
0.493413808498042;0.8043031908749101;0.373858954287;0.7050922017329483;0.6483910875694998;1
0.5014848513400468;0.8130712962859453;0.3748414979192591;0.7121972894912242;0.6451044685580114;1
0.5066646664009804;0.8180869655945953;0.3888038523268412;0.7275716507442791;0.6611873736421766;1
0.5040614607052863;0.8136265226804392;0.3822066386883168;0.7260786491890691;0.6577715861979224;1
0.5114188952484094;0.8260091891831465;0.3888038523268412;0.7335969784492335;0.6646385628050409;1
0.5098242835032251;0.822595851080083;0.3916500796820841;0.7298200399911131;0.6681251536865149;1
0.5140988349515632;0.8248689255810314;0.3905779419269475;0.7298200399911131;0.662563256651935;1
0.507188551214205;0.820900361083474;0.3835768461703551;0.7253365918684737;0.6618753151470559;1
0.5092949176894676;0.8248689255810314;0.3909345863703877;0.7320817596089758;0.6660287978628844;1
0.5087667199577909;0.8169690601023256;0.3828904827580126;0.7253365918684737;0.6570932127250999;1
0.5103546826203617;0.8175280128484604;0.3877471455454164;0.7260786491890691;0.662563256651935;1
0.5140988349515632;0.8317589497650535;0.3930889392512482;0.7290690957564986;0.6639458372841333;1
0.5157203575108391;0.8277270372896008;0.3949022361212956;0.7320817596089758;0.6667263073998203;1
0.5162631113422915;0.8306037807563749;0.3923682497953428;0.7374139080204399;0.6702339479518192;1
0.5119526189068528;0.822595851080083;0.3888038523268412;0.726825149966674;0.6605013457437088;1
0.5151786819089997;0.8254390573820889;0.3916500796820841;0.7298200399911131;0.662563256651935;1
0.5206467886127137;0.8242987937799738;0.3891573475919729;0.7283181515218841;0.6591340739628014;1
0.5045799543704459;0.8141817490749332;0.3832334282758107;0.7172495001110865;0.655739336189072;1
0.3755454086910855;0.7841920710689785;0.3633814805956293;0.6974361253054877;0.6405577397246511;1
0.5162631113422915;0.826579320984204;0.3945381911088304;0.7328371473005999;0.6709400687176063;1
0.5273636649132369;0.8429007411713414;0.4073022831700196;0.7412663852477227;0.6831718408989358;1
0.5499282702134162;0.8375869637314195;0.403083486449007;0.7412663852477227;0.6824398864465956;1
0.5330948596425271;0.8494852045208098;0.4131991195527285;0.755472117307265;0.6898273639976004;1
0.5325161198977403;0.8423082512604384;0.4076901044787142;0.7490957564985559;0.6780826046479587;1
0.5223099128645585;0.8387607644983026;0.3993232100897154;0.7366451899577872;0.6730670422438183;1
0.5256682386992355;0.835831852108556;0.4046073738325011;0.7404932237280605;0.6809817183611492;1
0.5360073824584554;0.8452818798698758;0.4080787130819858;0.7506776271939569;0.6802545479248374;1
0.5313624591380459;0.8411232714386325;0.4065286875185309;0.7475183292601644;0.6846395770164388;1
0.5290700531283041;0.8405307815277296;0.4053737263738802;0.7428215952010664;0.6780826046479587;1
0.382277717152945;0.7914845412302177;0.37158650721957;0.715800933125972;0.6470726127520817;1
0.5267973248089998;0.8399420179684676;0.403083486449007;0.7506776271939569;0.6795292910949369;1
0.5354223530409259;0.86109278988221;0.4152027842515261;0.7530682070650967;0.6846395770164388;1
0.5325161198977403;0.8423082512604384;0.40575792612752;0.7435992001777383;0.6788049910682421;1
0.5561632228031547;0.8573925227027974;0.4135982779033337;0.752268384803377;0.6898273639976004;1
0.5262321527868433;0.8464780387466043;0.4096407055230132;0.7435992001777383;0.6831718408989358;1
0.368214884962054;0.7811029255586732;0.3764904076816017;0.7172495001110865;0.6503783678276835;1
0.5383604388839295;0.8580073707235457;0.4143989564882757;0.7530682070650967;0.6913238042112736;1
0.5583789846579045;0.8561665530129416;0.4160097611930851;0.7546678515885359;0.6966120555290308;1
0.5239836846338319;0.8458818224840605;0.4080787130819858;0.7459453454787824;0.6839047521544817;1
0.5354223530409259;0.8494852045208098;0.4080787130819858;0.752268384803377;0.6788049910682421;1
0.5168070332558248;0.8452818798698758;0.4096407055230132;0.7467318373694735;0.6861140107563817;1
0.5267973248089998;0.8440894473447882;0.4128007484967003;0.7506776271939569;0.6890820143003807;1
0.570058951867145;0.8673269761774339;0.42679176042689;0.7677182848255943;0.7035306995092556;1
0.5606124474488015;0.8604742155098208;0.4221627832311924;0.7587025105532104;0.69813815664208;1
0.5606124474488015;0.8561665530129416;0.4188588228088056;0.7595112197289491;0.6958523537837261;1
0.435964207224545;0.826579320984204;0.4008189123273483;0.7412663852477227;0.6766416590202143;1
0.5561632228031547;0.866700949101763;0.4192690032834907;0.7595112197289491;0.6943358207027337;1
0.5558481101987504;0.8561665530129416;0.4205042684750088;0.7587025105532104;0.6935809029734573;1
0.5625411306690856;0.8648228678747498;0.4297905654711808;0.7677182848255943;0.7012094949322918;1
0.0;0.0058503720762113;0.0;0.0003154854476782;0.0010352610685386;1

